Saved changes,Selected all topics,Logged in through login-screen,Viewed content,Viewed feed/topic,Redirecting to media,Viewed notification,Viewed feedItem,Navigating to feed overview,Viewed feed/findOne,Viewed content/all,Viewed space,Logged in,Viewed /auth/login Page,UTM events,Viewed link,Navigating to content overview,Viewed notifications,Opened intercom,Created content,Opened drop down menu for feed item,Viewed feed/all,Viewed /auth/register Page,Viewed content/topic,Selected topic,Created comment,Uploaded file,Downloaded file,Logged out
0,0,-1,0,0,0,0,0,0,0,26,0,0,0,0,0,0,0,0,0,0,0,0,333,0,0,0,0,1
,0,0,0,0,0,,0,0,0,26,0,0,0,,0,0,0,0,0,0,0,0,-1,0,,,0,
,0,0,0,0,0,,0,0,0,18,0,0,,,0,0,0,0,0,,0,,0,0,,,0,
,0,0,0,0,0,,0,0,0,6,0,0,,,0,0,0,0,0,,0,,-1,0,,,0,
,0,,-1,0,,,0,0,,0,0,-1,,,0,0,0,0,0,,0,,14,0,,,0,
,0,,0,0,,,0,,,-1,0,0,,,0,0,0,,0,,0,,1,0,,,5,
,0,,0,0,,,0,,,206,0,0,,,-1,0,0,,0,,0,,0,0,,,11,
,0,,0,0,,,0,,,229,0,0,,,,0,0,,0,,0,,-1,0,,,0,
,0,,0,0,,,0,,,-1,0,0,,,,0,0,,0,,0,,12,0,,,1,
,0,,0,0,,,0,,,9,0,0,,,,0,0,,0,,0,,755,0,,,0,
,0,,0,0,,,0,,,51,0,0,,,,0,0,,0,,0,,11,0,,,5,
,0,,0,0,,,0,,,20,0,0,,,,0,0,,0,,0,,100,0,,,0,
,0,,0,0,,,0,,,44,0,0,,,,0,0,,,,0,,154,0,,,0,
,,,21,0,,,0,,,151,0,2,,,,0,0,,,,0,,-1,0,,,0,
,,,,0,,,0,,,31,0,0,,,,0,0,,,,0,,198,0,,,0,
,,,,0,,,0,,,21,0,0,,,,0,0,,,,0,,53,0,,,0,
,,,,0,,,0,,,-1,0,0,,,,0,0,,,,0,,-1,0,,,0,
,,,,0,,,0,,,8,0,0,,,,0,0,,,,0,,-1,0,,,0,
,,,,0,,,0,,,-1,0,0,,,,0,0,,,,0,,30,0,,,0,
,,,,0,,,0,,,1,0,0,,,,,0,,,,0,,-1,0,,,0,
,,,,0,,,0,,,0,0,5,,,,,0,,,,0,,17,0,,,,
,,,,0,,,0,,,40,0,0,,,,,0,,,,0,,-1,0,,,,
,,,,0,,,0,,,199,0,0,,,,,0,,,,0,,-1,0,,,,
,,,,0,,,0,,,0,0,0,,,,,0,,,,0,,4,0,,,,
,,,,0,,,0,,,1078,0,-1,,,,,0,,,,0,,-1,0,,,,
,,,,0,,,0,,,0,0,-1,,,,,0,,,,0,,70,0,,,,
,,,,0,,,0,,,1,0,0,,,,,0,,,,0,,7,0,,,,
,,,,0,,,0,,,-1,0,0,,,,,0,,,,0,,8,0,,,,
,,,,0,,,0,,,-1,0,0,,,,,0,,,,0,,-1,0,,,,
,,,,0,,,0,,,-1,0,0,,,,,0,,,,0,,232,0,,,,
,,,,0,,,0,,,608,0,0,,,,,0,,,,0,,333,0,,,,
,,,,0,,,0,,,-1,0,0,,,,,0,,,,0,,-1,0,,,,
,,,,0,,,0,,,0,0,0,,,,,0,,,,0,,0,0,,,,
,,,,0,,,0,,,-1,0,6,,,,,0,,,,0,,-1,0,,,,
,,,,0,,,0,,,3,0,0,,,,,0,,,,0,,24,0,,,,
,,,,0,,,0,,,8,0,0,,,,,0,,,,0,,-1,0,,,,
,,,,0,,,0,,,4,0,0,,,,,0,,,,0,,-1,0,,,,
,,,,0,,,0,,,-1,0,0,,,,,0,,,,0,,181,0,,,,
,,,,0,,,0,,,11,0,21,,,,,0,,,,0,,-1,0,,,,
,,,,0,,,0,,,-1,0,0,,,,,0,,,,0,,42,0,,,,
,,,,0,,,0,,,752,0,0,,,,,0,,,,0,,-1,0,,,,
,,,,0,,,0,,,102,0,0,,,,,0,,,,0,,-1,0,,,,
,,,,1,,,0,,,29,0,0,,,,,0,,,,0,,54,0,,,,
,,,,0,,,0,,,302,0,0,,,,,0,,,,0,,24,0,,,,
,,,,0,,,0,,,-1,0,0,,,,,0,,,,0,,24,0,,,,
,,,,0,,,0,,,2,0,0,,,,,0,,,,0,,60,0,,,,
,,,,0,,,0,,,19,0,0,,,,,0,,,,0,,7,0,,,,
,,,,0,,,0,,,-1,0,-1,,,,,0,,,,0,,-1,0,,,,
,,,,0,,,0,,,157,0,0,,,,,0,,,,0,,26,0,,,,
,,,,0,,,0,,,33,0,0,,,,,0,,,,0,,-1,0,,,,
,,,,0,,,0,,,0,0,0,,,,,0,,,,0,,7,0,,,,
,,,,0,,,31,,,722,0,0,,,,,0,,,,0,,-1,0,,,,
,,,,1,,,0,,,9,0,0,,,,,0,,,,0,,-1,0,,,,
,,,,0,,,0,,,5,54,0,,,,,0,,,,0,,94,0,,,,
,,,,0,,,0,,,3,0,0,,,,,0,,,,0,,-1,0,,,,
,,,,0,,,0,,,0,0,0,,,,,0,,,,0,,422,0,,,,
,,,,0,,,0,,,8,0,0,,,,,0,,,,0,,-1,0,,,,
,,,,0,,,52,,,9,0,0,,,,,0,,,,0,,8,0,,,,
,,,,0,,,-1,,,69,0,0,,,,,0,,,,0,,8,0,,,,
,,,,0,,,0,,,48,0,0,,,,,0,,,,0,,1,0,,,,
,,,,0,,,0,,,9,0,0,,,,,,,,,0,,7,0,,,,
,,,,0,,,0,,,5,0,0,,,,,,,,,0,,5,0,,,,
,,,,0,,,0,,,-1,0,0,,,,,,,,,0,,-1,0,,,,
,,,,0,,,0,,,1,-1,0,,,,,,,,,0,,20,0,,,,
,,,,0,,,0,,,8,0,0,,,,,,,,,0,,1,0,,,,
,,,,0,,,0,,,1,0,0,,,,,,,,,0,,58,0,,,,
,,,,0,,,0,,,205,0,0,,,,,,,,,0,,82,0,,,,
,,,,0,,,0,,,401,0,0,,,,,,,,,0,,10,0,,,,
,,,,0,,,0,,,-1,0,0,,,,,,,,,0,,181,0,,,,
,,,,0,,,0,,,0,0,0,,,,,,,,,0,,14,0,,,,
,,,,0,,,0,,,0,0,0,,,,,,,,,0,,25,0,,,,
,,,,0,,,0,,,0,0,0,,,,,,,,,0,,-1,0,,,,
,,,,0,,,0,,,2,0,0,,,,,,,,,0,,5,0,,,,
,,,,0,,,,,,-1,0,0,,,,,,,,,0,,0,0,,,,
,,,,0,,,,,,17,0,0,,,,,,,,,0,,0,0,,,,
,,,,0,,,,,,151,0,-1,,,,,,,,,0,,-1,0,,,,
,,,,0,,,,,,415,0,0,,,,,,,,,0,,338,0,,,,
,,,,0,,,,,,33,0,0,,,,,,,,,0,,327,0,,,,
,,,,0,,,,,,0,0,0,,,,,,,,,0,,-1,0,,,,
,,,,0,,,,,,11,0,0,,,,,,,,,0,,22,0,,,,
,,,,0,,,,,,13,0,0,,,,,,,,,0,,12,0,,,,
,,,,0,,,,,,48,0,2,,,,,,,,,0,,14,0,,,,
,,,,0,,,,,,-1,,0,,,,,,,,,0,,31,0,,,,
,,,,0,,,,,,-1,,0,,,,,,,,,0,,-1,0,,,,
,,,,0,,,,,,520,,0,,,,,,,,,0,,-1,0,,,,
,,,,0,,,,,,5,,33,,,,,,,,,0,,-1,0,,,,
,,,,0,,,,,,21,,0,,,,,,,,,0,,-1,0,,,,
,,,,0,,,,,,-1,,0,,,,,,,,,0,,-1,0,,,,
,,,,0,,,,,,114,,0,,,,,,,,,0,,14,0,,,,
,,,,0,,,,,,18,,0,,,,,,,,,0,,-1,0,,,,
,,,,0,,,,,,-1,,0,,,,,,,,,0,,29,0,,,,
,,,,0,,,,,,0,,2,,,,,,,,,0,,2,0,,,,
,,,,0,,,,,,0,,0,,,,,,,,,0,,1,0,,,,
,,,,0,,,,,,0,,0,,,,,,,,,0,,4,0,,,,
,,,,0,,,,,,0,,0,,,,,,,,,0,,3,0,,,,
,,,,0,,,,,,15,,0,,,,,,,,,0,,-1,0,,,,
,,,,0,,,,,,73,,0,,,,,,,,,0,,498,0,,,,
,,,,0,,,,,,20,,0,,,,,,,,,0,,1,0,,,,
,,,,0,,,,,,-1,,0,,,,,,,,,0,,-1,0,,,,
,,,,0,,,,,,0,,-1,,,,,,,,,0,,38,0,,,,
,,,,0,,,,,,0,,0,,,,,,,,,0,,0,0,,,,
,,,,0,,,,,,0,,0,,,,,,,,,0,,24,0,,,,
,,,,0,,,,,,-1,,0,,,,,,,,,0,,8,0,,,,
,,,,0,,,,,,-1,,0,,,,,,,,,0,,0,0,,,,
,,,,0,,,,,,-1,,1178,,,,,,,,,0,,0,0,,,,
,,,,0,,,,,,-1,,0,,,,,,,,,0,,0,0,,,,
,,,,0,,,,,,0,,0,,,,,,,,,0,,3,0,,,,
,,,,0,,,,,,58,,4,,,,,,,,,0,,4,0,,,,
,,,,0,,,,,,0,,0,,,,,,,,,0,,5,0,,,,
,,,,0,,,,,,-1,,0,,,,,,,,,0,,4,0,,,,
,,,,0,,,,,,-1,,-1,,,,,,,,,0,,5,0,,,,
,,,,0,,,,,,-1,,0,,,,,,,,,0,,-1,0,,,,
,,,,0,,,,,,-1,,0,,,,,,,,,0,,-1,0,,,,
,,,,0,,,,,,-1,,5,,,,,,,,,0,,0,0,,,,
,,,,0,,,,,,23,,0,,,,,,,,,0,,5,0,,,,
,,,,0,,,,,,41,,0,,,,,,,,,0,,-1,0,,,,
,,,,0,,,,,,-1,,2,,,,,,,,,0,,44,0,,,,
,,,,0,,,,,,-1,,0,,,,,,,,,0,,9,0,,,,
,,,,0,,,,,,-1,,0,,,,,,,,,0,,7,0,,,,
,,,,0,,,,,,798,,7,,,,,,,,,0,,-1,0,,,,
,,,,0,,,,,,45,,-1,,,,,,,,,0,,-1,0,,,,
,,,,0,,,,,,-1,,0,,,,,,,,,0,,1,0,,,,
,,,,0,,,,,,-1,,0,,,,,,,,,0,,17,0,,,,
,,,,0,,,,,,9,,0,,,,,,,,,0,,0,0,,,,
,,,,0,,,,,,10,,-1,,,,,,,,,0,,0,0,,,,
,,,,0,,,,,,22,,0,,,,,,,,,0,,0,0,,,,
,,,,0,,,,,,4,,0,,,,,,,,,0,,0,0,,,,
,,,,0,,,,,,10,,0,,,,,,,,,0,,0,0,,,,
,,,,0,,,,,,5,,0,,,,,,,,,0,,454,0,,,,
,,,,0,,,,,,-1,,0,,,,,,,,,0,,474,0,,,,
,,,,0,,,,,,197,,0,,,,,,,,,0,,0,0,,,,
,,,,0,,,,,,0,,1,,,,,,,,,0,,0,0,,,,
,,,,0,,,,,,-1,,1,,,,,,,,,12,,-1,,,,,
,,,,0,,,,,,0,,0,,,,,,,,,0,,0,,,,,
,,,,0,,,,,,22,,0,,,,,,,,,0,,49,,,,,
,,,,0,,,,,,0,,0,,,,,,,,,0,,100,,,,,
,,,,0,,,,,,-1,,3,,,,,,,,,0,,75,,,,,
,,,,0,,,,,,9,,0,,,,,,,,,0,,-1,,,,,
,,,,0,,,,,,-1,,0,,,,,,,,,0,,-1,,,,,
,,,,0,,,,,,-1,,0,,,,,,,,,0,,-1,,,,,
,,,,0,,,,,,16,,0,,,,,,,,,0,,-1,,,,,
,,,,0,,,,,,5,,0,,,,,,,,,0,,8,,,,,
,,,,0,,,,,,22,,0,,,,,,,,,0,,-1,,,,,
,,,,0,,,,,,3,,0,,,,,,,,,0,,3,,,,,
,,,,0,,,,,,56,,0,,,,,,,,,0,,-1,,,,,
,,,,0,,,,,,0,,0,,,,,,,,,0,,116,,,,,
,,,,0,,,,,,0,,2,,,,,,,,,0,,-1,,,,,
,,,,0,,,,,,325,,0,,,,,,,,,0,,30,,,,,
,,,,0,,,,,,0,,6,,,,,,,,,0,,-1,,,,,
,,,,0,,,,,,-1,,0,,,,,,,,,0,,73,,,,,
,,,,0,,,,,,-1,,0,,,,,,,,,0,,-1,,,,,
,,,,0,,,,,,-1,,0,,,,,,,,,0,,8,,,,,
,,,,0,,,,,,10,,0,,,,,,,,,0,,214,,,,,
,,,,0,,,,,,8,,0,,,,,,,,,1,,-1,,,,,
,,,,0,,,,,,41,,0,,,,,,,,,0,,66,,,,,
,,,,0,,,,,,30,,0,,,,,,,,,0,,369,,,,,
,,,,0,,,,,,30,,0,,,,,,,,,0,,-1,,,,,
,,,,0,,,,,,23,,0,,,,,,,,,0,,19,,,,,
,,,,0,,,,,,-1,,0,,,,,,,,,0,,44,,,,,
,,,,0,,,,,,-1,,-1,,,,,,,,,0,,-1,,,,,
,,,,0,,,,,,1,,0,,,,,,,,,0,,6,,,,,
,,,,0,,,,,,-1,,0,,,,,,,,,0,,9,,,,,
,,,,0,,,,,,0,,143,,,,,,,,,0,,2,,,,,
,,,,0,,,,,,232,,-1,,,,,,,,,0,,1169,,,,,
,,,,0,,,,,,556,,0,,,,,,,,,0,,0,,,,,
,,,,0,,,,,,2,,0,,,,,,,,,0,,665,,,,,
,,,,0,,,,,,91,,0,,,,,,,,,0,,164,,,,,
,,,,0,,,,,,623,,0,,,,,,,,,0,,-1,,,,,
,,,,0,,,,,,297,,0,,,,,,,,,0,,710,,,,,
,,,,0,,,,,,173,,0,,,,,,,,,0,,586,,,,,
,,,,0,,,,,,125,,0,,,,,,,,,0,,-1,,,,,
,,,,0,,,,,,178,,0,,,,,,,,,0,,0,,,,,
,,,,0,,,,,,166,,0,,,,,,,,,0,,36,,,,,
,,,,0,,,,,,249,,0,,,,,,,,,0,,-1,,,,,
,,,,0,,,,,,-1,,0,,,,,,,,,0,,-1,,,,,
,,,,0,,,,,,-1,,0,,,,,,,,,0,,6,,,,,
,,,,0,,,,,,0,,-1,,,,,,,,,0,,20,,,,,
,,,,0,,,,,,-1,,0,,,,,,,,,0,,611,,,,,
,,,,0,,,,,,156,,0,,,,,,,,,0,,14,,,,,
,,,,0,,,,,,-1,,0,,,,,,,,,0,,-1,,,,,
,,,,0,,,,,,11,,0,,,,,,,,,0,,-1,,,,,
,,,,0,,,,,,29,,-1,,,,,,,,,0,,-1,,,,,
,,,,0,,,,,,-1,,0,,,,,,,,,0,,-1,,,,,
,,,,0,,,,,,29,,0,,,,,,,,,0,,122,,,,,
,,,,0,,,,,,2,,55,,,,,,,,,0,,-1,,,,,
,,,,0,,,,,,8,,0,,,,,,,,,0,,8,,,,,
,,,,0,,,,,,321,,0,,,,,,,,,0,,0,,,,,
,,,,0,,,,,,-1,,32,,,,,,,,,0,,-1,,,,,
,,,,0,,,,,,-1,,3,,,,,,,,,0,,6,,,,,
,,,,0,,,,,,4,,0,,,,,,,,,0,,14,,,,,
,,,,0,,,,,,0,,0,,,,,,,,,0,,44,,,,,
,,,,0,,,,,,27,,0,,,,,,,,,0,,1,,,,,
,,,,0,,,,,,0,,0,,,,,,,,,0,,-1,,,,,
,,,,0,,,,,,9,,0,,,,,,,,,0,,-1,,,,,
,,,,0,,,,,,0,,-1,,,,,,,,,0,,16,,,,,
,,,,0,,,,,,1050,,0,,,,,,,,,0,,164,,,,,
,,,,0,,,,,,14,,0,,,,,,,,,0,,-1,,,,,
,,,,0,,,,,,698,,8,,,,,,,,,0,,21,,,,,
,,,,0,,,,,,66,,528,,,,,,,,,0,,44,,,,,
,,,,0,,,,,,67,,0,,,,,,,,,0,,4,,,,,
,,,,0,,,,,,150,,-1,,,,,,,,,0,,98,,,,,
,,,,0,,,,,,329,,0,,,,,,,,,0,,925,,,,,
,,,,0,,,,,,704,,0,,,,,,,,,0,,655,,,,,
,,,,0,,,,,,11,,0,,,,,,,,,0,,0,,,,,
,,,,0,,,,,,-1,,0,,,,,,,,,0,,1072,,,,,
,,,,0,,,,,,1,,0,,,,,,,,,0,,163,,,,,
,,,,0,,,,,,-1,,0,,,,,,,,,0,,7,,,,,
,,,,0,,,,,,27,,-1,,,,,,,,,0,,10,,,,,
,,,,0,,,,,,17,,0,,,,,,,,,0,,2,,,,,
,,,,0,,,,,,31,,0,,,,,,,,,0,,21,,,,,
,,,,0,,,,,,518,,0,,,,,,,,,0,,80,,,,,
,,,,0,,,,,,0,,2,,,,,,,,,0,,-1,,,,,
,,,,0,,,,,,9,,0,,,,,,,,,0,,1,,,,,
,,,,0,,,,,,121,,5,,,,,,,,,0,,28,,,,,
,,,,0,,,,,,0,,0,,,,,,,,,0,,94,,,,,
,,,,0,,,,,,44,,0,,,,,,,,,0,,-1,,,,,
,,,,0,,,,,,0,,0,,,,,,,,,0,,-1,,,,,
,,,,0,,,,,,-1,,0,,,,,,,,,0,,7,,,,,
,,,,0,,,,,,154,,0,,,,,,,,,0,,1,,,,,
,,,,0,,,,,,7,,0,,,,,,,,,0,,6,,,,,
,,,,0,,,,,,33,,0,,,,,,,,,0,,1,,,,,
,,,,0,,,,,,257,,0,,,,,,,,,0,,2,,,,,
,,,,0,,,,,,3,,0,,,,,,,,,0,,-1,,,,,
,,,,0,,,,,,7,,-1,,,,,,,,,0,,-1,,,,,
,,,,0,,,,,,7,,0,,,,,,,,,0,,217,,,,,
,,,,0,,,,,,-1,,0,,,,,,,,,0,,21,,,,,
,,,,0,,,,,,70,,0,,,,,,,,,0,,4,,,,,
,,,,0,,,,,,2,,0,,,,,,,,,0,,6,,,,,
,,,,0,,,,,,190,,2,,,,,,,,,0,,6,,,,,
,,,,0,,,,,,5,,0,,,,,,,,,0,,102,,,,,
,,,,0,,,,,,9,,0,,,,,,,,,0,,42,,,,,
,,,,0,,,,,,69,,0,,,,,,,,,0,,26,,,,,
,,,,0,,,,,,0,,0,,,,,,,,,10,,58,,,,,
,,,,0,,,,,,-1,,0,,,,,,,,,0,,5,,,,,
,,,,0,,,,,,6,,-1,,,,,,,,,0,,42,,,,,
,,,,0,,,,,,214,,0,,,,,,,,,0,,37,,,,,
,,,,0,,,,,,1143,,0,,,,,,,,,0,,112,,,,,
,,,,0,,,,,,89,,0,,,,,,,,,0,,61,,,,,
,,,,0,,,,,,14,,0,,,,,,,,,0,,18,,,,,
,,,,0,,,,,,-1,,0,,,,,,,,,0,,60,,,,,
,,,,0,,,,,,75,,0,,,,,,,,,0,,41,,,,,
,,,,0,,,,,,-1,,0,,,,,,,,,0,,859,,,,,
,,,,0,,,,,,189,,0,,,,,,,,,0,,-1,,,,,
,,,,0,,,,,,-1,,0,,,,,,,,,0,,78,,,,,
,,,,0,,,,,,18,,0,,,,,,,,,0,,41,,,,,
,,,,0,,,,,,15,,0,,,,,,,,,0,,1,,,,,
,,,,0,,,,,,5,,0,,,,,,,,,0,,221,,,,,
,,,,0,,,,,,4,,0,,,,,,,,,0,,27,,,,,
,,,,0,,,,,,19,,0,,,,,,,,,0,,-1,,,,,
,,,,0,,,,,,22,,2,,,,,,,,,0,,-1,,,,,
,,,,0,,,,,,17,,0,,,,,,,,,0,,-1,,,,,
,,,,0,,,,,,3,,0,,,,,,,,,0,,-1,,,,,
,,,,0,,,,,,13,,0,,,,,,,,,0,,94,,,,,
,,,,0,,,,,,3,,0,,,,,,,,,0,,1124,,,,,
,,,,0,,,,,,34,,10,,,,,,,,,0,,883,,,,,
,,,,0,,,,,,25,,0,,,,,,,,,0,,865,,,,,
,,,,0,,,,,,0,,0,,,,,,,,,0,,-1,,,,,
,,,,0,,,,,,2,,5,,,,,,,,,0,,8,,,,,
,,,,0,,,,,,2,,0,,,,,,,,,0,,22,,,,,
,,,,0,,,,,,-1,,0,,,,,,,,,0,,36,,,,,
,,,,0,,,,,,-1,,2,,,,,,,,,0,,-1,,,,,
,,,,0,,,,,,6,,0,,,,,,,,,0,,63,,,,,
,,,,0,,,,,,3,,0,,,,,,,,,0,,-1,,,,,
,,,,0,,,,,,6,,0,,,,,,,,,0,,62,,,,,
,,,,0,,,,,,-1,,4,,,,,,,,,0,,-1,,,,,
,,,,0,,,,,,66,,0,,,,,,,,,0,,-1,,,,,
,,,,0,,,,,,6,,0,,,,,,,,,0,,-1,,,,,
,,,,0,,,,,,1,,0,,,,,,,,,0,,17,,,,,
,,,,0,,,,,,14,,0,,,,,,,,,0,,0,,,,,
,,,,0,,,,,,0,,3,,,,,,,,,0,,0,,,,,
,,,,0,,,,,,4,,0,,,,,,,,,0,,-1,,,,,
,,,,0,,,,,,3,,0,,,,,,,,,0,,58,,,,,
,,,,0,,,,,,0,,0,,,,,,,,,0,,-1,,,,,
,,,,0,,,,,,0,,0,,,,,,,,,0,,-1,,,,,
,,,,0,,,,,,0,,0,,,,,,,,,0,,-1,,,,,
,,,,0,,,,,,-1,,-1,,,,,,,,,0,,-1,,,,,
,,,,0,,,,,,0,,0,,,,,,,,,0,,1,,,,,
,,,,0,,,,,,0,,0,,,,,,,,,0,,5,,,,,
,,,,0,,,,,,1,,0,,,,,,,,,0,,50,,,,,
,,,,0,,,,,,0,,0,,,,,,,,,0,,31,,,,,
,,,,0,,,,,,-1,,0,,,,,,,,,0,,39,,,,,
,,,,0,,,,,,1,,0,,,,,,,,,0,,-1,,,,,
,,,,0,,,,,,1,,0,,,,,,,,,0,,12,,,,,
,,,,0,,,,,,13,,0,,,,,,,,,0,,22,,,,,
,,,,0,,,,,,73,,0,,,,,,,,,0,,17,,,,,
,,,,0,,,,,,10,,0,,,,,,,,,0,,7,,,,,
,,,,0,,,,,,16,,0,,,,,,,,,0,,-1,,,,,
,,,,0,,,,,,1,,0,,,,,,,,,0,,-1,,,,,
,,,,0,,,,,,3,,0,,,,,,,,,0,,68,,,,,
,,,,0,,,,,,-1,,0,,,,,,,,,0,,9,,,,,
,,,,0,,,,,,-1,,0,,,,,,,,,0,,332,,,,,
,,,,0,,,,,,7,,-1,,,,,,,,,0,,6,,,,,
,,,,0,,,,,,-1,,0,,,,,,,,,0,,10,,,,,
,,,,0,,,,,,16,,-1,,,,,,,,,0,,22,,,,,
,,,,0,,,,,,3,,0,,,,,,,,,0,,9,,,,,
,,,,0,,,,,,-1,,0,,,,,,,,,0,,0,,,,,
,,,,0,,,,,,0,,0,,,,,,,,,0,,0,,,,,
,,,,0,,,,,,8,,0,,,,,,,,,0,,-1,,,,,
,,,,0,,,,,,-1,,0,,,,,,,,,0,,-1,,,,,
,,,,0,,,,,,-1,,0,,,,,,,,,0,,-1,,,,,
,,,,0,,,,,,0,,0,,,,,,,,,0,,4,,,,,
,,,,0,,,,,,0,,0,,,,,,,,,0,,-1,,,,,
,,,,0,,,,,,7,,0,,,,,,,,,0,,9,,,,,
,,,,0,,,,,,24,,0,,,,,,,,,0,,3,,,,,
,,,,0,,,,,,149,,0,,,,,,,,,0,,2,,,,,
,,,,0,,,,,,22,,0,,,,,,,,,0,,-1,,,,,
,,,,0,,,,,,-1,,,,,,,,,,,0,,-1,,,,,
,,,,0,,,,,,34,,,,,,,,,,,0,,19,,,,,
,,,,0,,,,,,77,,,,,,,,,,,0,,9,,,,,
,,,,0,,,,,,160,,,,,,,,,,,0,,585,,,,,
,,,,0,,,,,,24,,,,,,,,,,,0,,21,,,,,
,,,,0,,,,,,-1,,,,,,,,,,,0,,-1,,,,,
,,,,0,,,,,,562,,,,,,,,,,,0,,424,,,,,
,,,,0,,,,,,14,,,,,,,,,,,0,,-1,,,,,
,,,,0,,,,,,42,,,,,,,,,,,0,,892,,,,,
,,,,0,,,,,,9,,,,,,,,,,,0,,-1,,,,,
,,,,0,,,,,,4,,,,,,,,,,,0,,-1,,,,,
,,,,0,,,,,,9,,,,,,,,,,,0,,31,,,,,
,,,,0,,,,,,-1,,,,,,,,,,,0,,0,,,,,
,,,,0,,,,,,14,,,,,,,,,,,0,,-1,,,,,
,,,,0,,,,,,32,,,,,,,,,,,0,,5,,,,,
,,,,0,,,,,,34,,,,,,,,,,,0,,-1,,,,,
,,,,0,,,,,,28,,,,,,,,,,,0,,7,,,,,
,,,,0,,,,,,9,,,,,,,,,,,0,,15,,,,,
,,,,0,,,,,,1,,,,,,,,,,,0,,24,,,,,
,,,,0,,,,,,328,,,,,,,,,,,0,,0,,,,,
,,,,0,,,,,,307,,,,,,,,,,,0,,-1,,,,,
,,,,0,,,,,,253,,,,,,,,,,,0,,1,,,,,
,,,,0,,,,,,-1,,,,,,,,,,,0,,1107,,,,,
,,,,0,,,,,,-1,,,,,,,,,,,0,,20,,,,,
,,,,0,,,,,,-1,,,,,,,,,,,0,,102,,,,,
,,,,0,,,,,,60,,,,,,,,,,,0,,-1,,,,,
,,,,0,,,,,,-1,,,,,,,,,,,0,,-1,,,,,
,,,,0,,,,,,53,,,,,,,,,,,0,,30,,,,,
,,,,0,,,,,,0,,,,,,,,,,,0,,25,,,,,
,,,,0,,,,,,-1,,,,,,,,,,,0,,648,,,,,
,,,,0,,,,,,5,,,,,,,,,,,0,,-1,,,,,
,,,,0,,,,,,34,,,,,,,,,,,0,,-1,,,,,
,,,,0,,,,,,7,,,,,,,,,,,0,,10,,,,,
,,,,0,,,,,,3,,,,,,,,,,,0,,13,,,,,
,,,,0,,,,,,74,,,,,,,,,,,0,,0,,,,,
,,,,0,,,,,,-1,,,,,,,,,,,0,,14,,,,,
,,,,0,,,,,,-1,,,,,,,,,,,0,,-1,,,,,
,,,,0,,,,,,-1,,,,,,,,,,,0,,0,,,,,
,,,,0,,,,,,7,,,,,,,,,,,0,,1059,,,,,
,,,,0,,,,,,5,,,,,,,,,,,0,,-1,,,,,
,,,,0,,,,,,25,,,,,,,,,,,0,,26,,,,,
,,,,0,,,,,,4,,,,,,,,,,,0,,927,,,,,
,,,,0,,,,,,32,,,,,,,,,,,0,,230,,,,,
,,,,0,,,,,,-1,,,,,,,,,,,0,,8,,,,,
,,,,0,,,,,,-1,,,,,,,,,,,0,,10,,,,,
,,,,0,,,,,,4,,,,,,,,,,,0,,16,,,,,
,,,,0,,,,,,53,,,,,,,,,,,0,,-1,,,,,
,,,,0,,,,,,7,,,,,,,,,,,0,,8,,,,,
,,,,0,,,,,,16,,,,,,,,,,,0,,5,,,,,
,,,,0,,,,,,4,,,,,,,,,,,0,,181,,,,,
,,,,0,,,,,,8,,,,,,,,,,,0,,125,,,,,
,,,,0,,,,,,6,,,,,,,,,,,0,,-1,,,,,
,,,,0,,,,,,0,,,,,,,,,,,0,,67,,,,,
,,,,0,,,,,,4,,,,,,,,,,,0,,2,,,,,
,,,,0,,,,,,17,,,,,,,,,,,0,,-1,,,,,
,,,,0,,,,,,1,,,,,,,,,,,0,,21,,,,,
,,,,0,,,,,,4,,,,,,,,,,,0,,-1,,,,,
,,,,0,,,,,,7,,,,,,,,,,,0,,56,,,,,
,,,,0,,,,,,8,,,,,,,,,,,0,,15,,,,,
,,,,0,,,,,,0,,,,,,,,,,,0,,2,,,,,
,,,,0,,,,,,0,,,,,,,,,,,0,,-1,,,,,
,,,,0,,,,,,2,,,,,,,,,,,0,,2,,,,,
,,,,0,,,,,,0,,,,,,,,,,,0,,438,,,,,
,,,,0,,,,,,0,,,,,,,,,,,0,,19,,,,,
,,,,0,,,,,,0,,,,,,,,,,,0,,-1,,,,,
,,,,0,,,,,,0,,,,,,,,,,,0,,375,,,,,
,,,,0,,,,,,0,,,,,,,,,,,0,,89,,,,,
,,,,0,,,,,,-1,,,,,,,,,,,0,,-1,,,,,
,,,,0,,,,,,1,,,,,,,,,,,0,,-1,,,,,
,,,,0,,,,,,-1,,,,,,,,,,,0,,-1,,,,,
,,,,0,,,,,,6,,,,,,,,,,,0,,1,,,,,
,,,,0,,,,,,-1,,,,,,,,,,,0,,-1,,,,,
,,,,0,,,,,,36,,,,,,,,,,,0,,88,,,,,
,,,,0,,,,,,-1,,,,,,,,,,,0,,-1,,,,,
,,,,0,,,,,,-1,,,,,,,,,,,0,,58,,,,,
,,,,0,,,,,,2,,,,,,,,,,,0,,917,,,,,
,,,,0,,,,,,14,,,,,,,,,,,0,,-1,,,,,
,,,,0,,,,,,70,,,,,,,,,,,0,,-1,,,,,
,,,,0,,,,,,129,,,,,,,,,,,0,,79,,,,,
,,,,0,,,,,,13,,,,,,,,,,,0,,4,,,,,
,,,,0,,,,,,1,,,,,,,,,,,0,,4,,,,,
,,,,0,,,,,,6,,,,,,,,,,,0,,3,,,,,
,,,,0,,,,,,6,,,,,,,,,,,0,,4,,,,,
,,,,0,,,,,,3,,,,,,,,,,,0,,0,,,,,
,,,,0,,,,,,74,,,,,,,,,,,0,,25,,,,,
,,,,0,,,,,,317,,,,,,,,,,,0,,519,,,,,
,,,,0,,,,,,8,,,,,,,,,,,0,,855,,,,,
,,,,0,,,,,,-1,,,,,,,,,,,0,,322,,,,,
,,,,0,,,,,,8,,,,,,,,,,,0,,452,,,,,
,,,,0,,,,,,17,,,,,,,,,,,0,,-1,,,,,
,,,,0,,,,,,42,,,,,,,,,,,0,,-1,,,,,
,,,,0,,,,,,0,,,,,,,,,,,0,,63,,,,,
,,,,0,,,,,,0,,,,,,,,,,,0,,0,,,,,
,,,,0,,,,,,96,,,,,,,,,,,0,,9,,,,,
,,,,0,,,,,,0,,,,,,,,,,,0,,39,,,,,
,,,,0,,,,,,-1,,,,,,,,,,,0,,987,,,,,
,,,,0,,,,,,792,,,,,,,,,,,0,,13,,,,,
,,,,0,,,,,,5,,,,,,,,,,,0,,493,,,,,
,,,,0,,,,,,176,,,,,,,,,,,0,,31,,,,,
,,,,0,,,,,,0,,,,,,,,,,,0,,0,,,,,
,,,,0,,,,,,-1,,,,,,,,,,,0,,0,,,,,
,,,,0,,,,,,2,,,,,,,,,,,0,,18,,,,,
,,,,0,,,,,,3,,,,,,,,,,,0,,28,,,,,
,,,,0,,,,,,13,,,,,,,,,,,0,,149,,,,,
,,,,0,,,,,,-1,,,,,,,,,,,0,,-1,,,,,
,,,,0,,,,,,216,,,,,,,,,,,0,,258,,,,,
,,,,0,,,,,,246,,,,,,,,,,,0,,234,,,,,
,,,,0,,,,,,-1,,,,,,,,,,,0,,4,,,,,
,,,,0,,,,,,22,,,,,,,,,,,0,,-1,,,,,
,,,,0,,,,,,-1,,,,,,,,,,,0,,80,,,,,
,,,,0,,,,,,5,,,,,,,,,,,0,,609,,,,,
,,,,0,,,,,,-1,,,,,,,,,,,0,,-1,,,,,
,,,,0,,,,,,24,,,,,,,,,,,0,,78,,,,,
,,,,0,,,,,,124,,,,,,,,,,,0,,2,,,,,
,,,,0,,,,,,2,,,,,,,,,,,0,,-1,,,,,
,,,,0,,,,,,3,,,,,,,,,,,0,,206,,,,,
,,,,0,,,,,,21,,,,,,,,,,,0,,64,,,,,
,,,,0,,,,,,0,,,,,,,,,,,0,,178,,,,,
,,,,0,,,,,,0,,,,,,,,,,,0,,10,,,,,
,,,,0,,,,,,0,,,,,,,,,,,0,,154,,,,,
,,,,0,,,,,,0,,,,,,,,,,,0,,-1,,,,,
,,,,0,,,,,,0,,,,,,,,,,,0,,-1,,,,,
,,,,0,,,,,,0,,,,,,,,,,,0,,-1,,,,,
,,,,0,,,,,,0,,,,,,,,,,,0,,-1,,,,,
,,,,0,,,,,,12,,,,,,,,,,,0,,-1,,,,,
,,,,0,,,,,,16,,,,,,,,,,,0,,-1,,,,,
,,,,0,,,,,,11,,,,,,,,,,,0,,258,,,,,
,,,,0,,,,,,-1,,,,,,,,,,,,,384,,,,,
,,,,0,,,,,,10,,,,,,,,,,,,,12,,,,,
,,,,0,,,,,,0,,,,,,,,,,,,,116,,,,,
,,,,0,,,,,,0,,,,,,,,,,,,,-1,,,,,
,,,,0,,,,,,0,,,,,,,,,,,,,-1,,,,,
,,,,0,,,,,,3,,,,,,,,,,,,,-1,,,,,
,,,,0,,,,,,-1,,,,,,,,,,,,,-1,,,,,
,,,,0,,,,,,19,,,,,,,,,,,,,530,,,,,
,,,,0,,,,,,14,,,,,,,,,,,,,-1,,,,,
,,,,0,,,,,,8,,,,,,,,,,,,,174,,,,,
,,,,0,,,,,,12,,,,,,,,,,,,,8,,,,,
,,,,0,,,,,,0,,,,,,,,,,,,,1,,,,,
,,,,0,,,,,,0,,,,,,,,,,,,,598,,,,,
,,,,0,,,,,,0,,,,,,,,,,,,,-1,,,,,
,,,,0,,,,,,9,,,,,,,,,,,,,486,,,,,
,,,,0,,,,,,0,,,,,,,,,,,,,65,,,,,
,,,,0,,,,,,4,,,,,,,,,,,,,387,,,,,
,,,,0,,,,,,8,,,,,,,,,,,,,216,,,,,
,,,,0,,,,,,11,,,,,,,,,,,,,16,,,,,
,,,,0,,,,,,7,,,,,,,,,,,,,14,,,,,
,,,,0,,,,,,-1,,,,,,,,,,,,,113,,,,,
,,,,0,,,,,,467,,,,,,,,,,,,,25,,,,,
,,,,0,,,,,,47,,,,,,,,,,,,,16,,,,,
,,,,0,,,,,,13,,,,,,,,,,,,,8,,,,,
,,,,0,,,,,,8,,,,,,,,,,,,,24,,,,,
,,,,0,,,,,,0,,,,,,,,,,,,,-1,,,,,
,,,,0,,,,,,0,,,,,,,,,,,,,-1,,,,,
,,,,0,,,,,,0,,,,,,,,,,,,,0,,,,,
,,,,0,,,,,,14,,,,,,,,,,,,,5,,,,,
,,,,0,,,,,,0,,,,,,,,,,,,,-1,,,,,
,,,,0,,,,,,3,,,,,,,,,,,,,1157,,,,,
,,,,0,,,,,,0,,,,,,,,,,,,,-1,,,,,
,,,,0,,,,,,0,,,,,,,,,,,,,1,,,,,
,,,,0,,,,,,0,,,,,,,,,,,,,0,,,,,
,,,,0,,,,,,5,,,,,,,,,,,,,-1,,,,,
,,,,0,,,,,,0,,,,,,,,,,,,,-1,,,,,
,,,,0,,,,,,0,,,,,,,,,,,,,1,,,,,
,,,,0,,,,,,44,,,,,,,,,,,,,1,,,,,
,,,,0,,,,,,-1,,,,,,,,,,,,,-1,,,,,
,,,,0,,,,,,6,,,,,,,,,,,,,0,,,,,
,,,,0,,,,,,8,,,,,,,,,,,,,0,,,,,
,,,,0,,,,,,14,,,,,,,,,,,,,17,,,,,
,,,,0,,,,,,30,,,,,,,,,,,,,33,,,,,
,,,,0,,,,,,15,,,,,,,,,,,,,-1,,,,,
,,,,0,,,,,,12,,,,,,,,,,,,,-1,,,,,
,,,,0,,,,,,20,,,,,,,,,,,,,493,,,,,
,,,,0,,,,,,6,,,,,,,,,,,,,6,,,,,
,,,,0,,,,,,25,,,,,,,,,,,,,22,,,,,
,,,,0,,,,,,4,,,,,,,,,,,,,23,,,,,
,,,,0,,,,,,0,,,,,,,,,,,,,513,,,,,
,,,,0,,,,,,26,,,,,,,,,,,,,908,,,,,
,,,,0,,,,,,1,,,,,,,,,,,,,2,,,,,
,,,,0,,,,,,19,,,,,,,,,,,,,39,,,,,
,,,,0,,,,,,1,,,,,,,,,,,,,13,,,,,
,,,,0,,,,,,0,,,,,,,,,,,,,4,,,,,
,,,,0,,,,,,120,,,,,,,,,,,,,4,,,,,
,,,,0,,,,,,0,,,,,,,,,,,,,1,,,,,
,,,,0,,,,,,30,,,,,,,,,,,,,0,,,,,
,,,,0,,,,,,455,,,,,,,,,,,,,0,,,,,
,,,,0,,,,,,0,,,,,,,,,,,,,0,,,,,
,,,,0,,,,,,-1,,,,,,,,,,,,,0,,,,,
,,,,0,,,,,,5,,,,,,,,,,,,,47,,,,,
,,,,0,,,,,,33,,,,,,,,,,,,,2,,,,,
,,,,0,,,,,,6,,,,,,,,,,,,,2,,,,,
,,,,0,,,,,,0,,,,,,,,,,,,,6,,,,,
,,,,0,,,,,,0,,,,,,,,,,,,,13,,,,,
,,,,0,,,,,,456,,,,,,,,,,,,,6,,,,,
,,,,0,,,,,,-1,,,,,,,,,,,,,5,,,,,
,,,,0,,,,,,10,,,,,,,,,,,,,2,,,,,
,,,,0,,,,,,4,,,,,,,,,,,,,-1,,,,,
,,,,0,,,,,,5,,,,,,,,,,,,,-1,,,,,
,,,,0,,,,,,15,,,,,,,,,,,,,3,,,,,
,,,,0,,,,,,147,,,,,,,,,,,,,0,,,,,
,,,,0,,,,,,10,,,,,,,,,,,,,-1,,,,,
,,,,0,,,,,,4,,,,,,,,,,,,,-1,,,,,
,,,,0,,,,,,5,,,,,,,,,,,,,-1,,,,,
,,,,0,,,,,,22,,,,,,,,,,,,,1037,,,,,
,,,,0,,,,,,9,,,,,,,,,,,,,-1,,,,,
,,,,0,,,,,,4,,,,,,,,,,,,,100,,,,,
,,,,0,,,,,,-1,,,,,,,,,,,,,-1,,,,,
,,,,0,,,,,,124,,,,,,,,,,,,,28,,,,,
,,,,0,,,,,,8,,,,,,,,,,,,,1,,,,,
,,,,0,,,,,,49,,,,,,,,,,,,,-1,,,,,
,,,,0,,,,,,27,,,,,,,,,,,,,-1,,,,,
,,,,0,,,,,,-1,,,,,,,,,,,,,1,,,,,
,,,,0,,,,,,4,,,,,,,,,,,,,27,,,,,
,,,,0,,,,,,0,,,,,,,,,,,,,-1,,,,,
,,,,0,,,,,,7,,,,,,,,,,,,,3,,,,,
,,,,0,,,,,,3,,,,,,,,,,,,,-1,,,,,
,,,,0,,,,,,1174,,,,,,,,,,,,,397,,,,,
,,,,0,,,,,,15,,,,,,,,,,,,,-1,,,,,
,,,,0,,,,,,-1,,,,,,,,,,,,,-1,,,,,
,,,,0,,,,,,13,,,,,,,,,,,,,69,,,,,
,,,,0,,,,,,4,,,,,,,,,,,,,606,,,,,
,,,,0,,,,,,14,,,,,,,,,,,,,-1,,,,,
,,,,0,,,,,,-1,,,,,,,,,,,,,-1,,,,,
,,,,0,,,,,,32,,,,,,,,,,,,,-1,,,,,
,,,,0,,,,,,0,,,,,,,,,,,,,-1,,,,,
,,,,0,,,,,,205,,,,,,,,,,,,,-1,,,,,
,,,,0,,,,,,18,,,,,,,,,,,,,-1,,,,,
,,,,0,,,,,,6,,,,,,,,,,,,,9,,,,,
,,,,0,,,,,,7,,,,,,,,,,,,,10,,,,,
,,,,0,,,,,,0,,,,,,,,,,,,,0,,,,,
,,,,0,,,,,,9,,,,,,,,,,,,,23,,,,,
,,,,0,,,,,,31,,,,,,,,,,,,,0,,,,,
,,,,0,,,,,,-1,,,,,,,,,,,,,34,,,,,
,,,,0,,,,,,25,,,,,,,,,,,,,98,,,,,
,,,,0,,,,,,1,,,,,,,,,,,,,13,,,,,
,,,,,,,,,,13,,,,,,,,,,,,,243,,,,,
,,,,,,,,,,1,,,,,,,,,,,,,58,,,,,
,,,,,,,,,,-1,,,,,,,,,,,,,33,,,,,
,,,,,,,,,,10,,,,,,,,,,,,,5,,,,,
,,,,,,,,,,1,,,,,,,,,,,,,-1,,,,,
,,,,,,,,,,8,,,,,,,,,,,,,848,,,,,
,,,,,,,,,,-1,,,,,,,,,,,,,325,,,,,
,,,,,,,,,,11,,,,,,,,,,,,,0,,,,,
,,,,,,,,,,27,,,,,,,,,,,,,310,,,,,
,,,,,,,,,,1,,,,,,,,,,,,,0,,,,,
,,,,,,,,,,1,,,,,,,,,,,,,12,,,,,
,,,,,,,,,,3,,,,,,,,,,,,,0,,,,,
,,,,,,,,,,0,,,,,,,,,,,,,-1,,,,,
,,,,,,,,,,3,,,,,,,,,,,,,-1,,,,,
,,,,,,,,,,11,,,,,,,,,,,,,40,,,,,
,,,,,,,,,,6,,,,,,,,,,,,,653,,,,,
,,,,,,,,,,23,,,,,,,,,,,,,-1,,,,,
,,,,,,,,,,0,,,,,,,,,,,,,-1,,,,,
,,,,,,,,,,21,,,,,,,,,,,,,13,,,,,
,,,,,,,,,,-1,,,,,,,,,,,,,361,,,,,
,,,,,,,,,,0,,,,,,,,,,,,,0,,,,,
,,,,,,,,,,8,,,,,,,,,,,,,19,,,,,
,,,,,,,,,,4,,,,,,,,,,,,,7,,,,,
,,,,,,,,,,3,,,,,,,,,,,,,4,,,,,
,,,,,,,,,,-1,,,,,,,,,,,,,0,,,,,
,,,,,,,,,,16,,,,,,,,,,,,,0,,,,,
,,,,,,,,,,7,,,,,,,,,,,,,-1,,,,,
,,,,,,,,,,7,,,,,,,,,,,,,4,,,,,
,,,,,,,,,,7,,,,,,,,,,,,,-1,,,,,
,,,,,,,,,,-1,,,,,,,,,,,,,-1,,,,,
,,,,,,,,,,3,,,,,,,,,,,,,8,,,,,
,,,,,,,,,,7,,,,,,,,,,,,,-1,,,,,
,,,,,,,,,,0,,,,,,,,,,,,,0,,,,,
,,,,,,,,,,0,,,,,,,,,,,,,0,,,,,
,,,,,,,,,,-1,,,,,,,,,,,,,68,,,,,
,,,,,,,,,,135,,,,,,,,,,,,,48,,,,,
,,,,,,,,,,30,,,,,,,,,,,,,-1,,,,,
,,,,,,,,,,10,,,,,,,,,,,,,6,,,,,
,,,,,,,,,,13,,,,,,,,,,,,,48,,,,,
,,,,,,,,,,5,,,,,,,,,,,,,50,,,,,
,,,,,,,,,,107,,,,,,,,,,,,,-1,,,,,
,,,,,,,,,,0,,,,,,,,,,,,,-1,,,,,
,,,,,,,,,,3,,,,,,,,,,,,,-1,,,,,
,,,,,,,,,,0,,,,,,,,,,,,,-1,,,,,
,,,,,,,,,,42,,,,,,,,,,,,,48,,,,,
,,,,,,,,,,4,,,,,,,,,,,,,-1,,,,,
,,,,,,,,,,0,,,,,,,,,,,,,-1,,,,,
,,,,,,,,,,-1,,,,,,,,,,,,,32,,,,,
,,,,,,,,,,17,,,,,,,,,,,,,130,,,,,
,,,,,,,,,,45,,,,,,,,,,,,,164,,,,,
,,,,,,,,,,0,,,,,,,,,,,,,-1,,,,,
,,,,,,,,,,4,,,,,,,,,,,,,142,,,,,
,,,,,,,,,,5,,,,,,,,,,,,,35,,,,,
,,,,,,,,,,-1,,,,,,,,,,,,,0,,,,,
,,,,,,,,,,7,,,,,,,,,,,,,14,,,,,
,,,,,,,,,,-1,,,,,,,,,,,,,0,,,,,
,,,,,,,,,,-1,,,,,,,,,,,,,-1,,,,,
,,,,,,,,,,-1,,,,,,,,,,,,,7,,,,,
,,,,,,,,,,-1,,,,,,,,,,,,,-1,,,,,
,,,,,,,,,,-1,,,,,,,,,,,,,1,,,,,
,,,,,,,,,,0,,,,,,,,,,,,,114,,,,,
,,,,,,,,,,12,,,,,,,,,,,,,3,,,,,
,,,,,,,,,,0,,,,,,,,,,,,,17,,,,,
,,,,,,,,,,64,,,,,,,,,,,,,207,,,,,
,,,,,,,,,,0,,,,,,,,,,,,,3,,,,,
,,,,,,,,,,6,,,,,,,,,,,,,579,,,,,
,,,,,,,,,,0,,,,,,,,,,,,,-1,,,,,
,,,,,,,,,,0,,,,,,,,,,,,,7,,,,,
,,,,,,,,,,0,,,,,,,,,,,,,0,,,,,
,,,,,,,,,,9,,,,,,,,,,,,,-1,,,,,
,,,,,,,,,,4,,,,,,,,,,,,,-1,,,,,
,,,,,,,,,,8,,,,,,,,,,,,,13,,,,,
,,,,,,,,,,31,,,,,,,,,,,,,-1,,,,,
,,,,,,,,,,17,,,,,,,,,,,,,-1,,,,,
,,,,,,,,,,-1,,,,,,,,,,,,,-1,,,,,
,,,,,,,,,,-1,,,,,,,,,,,,,3,,,,,
,,,,,,,,,,7,,,,,,,,,,,,,-1,,,,,
,,,,,,,,,,8,,,,,,,,,,,,,-1,,,,,
,,,,,,,,,,398,,,,,,,,,,,,,-1,,,,,
,,,,,,,,,,212,,,,,,,,,,,,,0,,,,,
,,,,,,,,,,-1,,,,,,,,,,,,,-1,,,,,
,,,,,,,,,,592,,,,,,,,,,,,,6,,,,,
,,,,,,,,,,25,,,,,,,,,,,,,117,,,,,
,,,,,,,,,,-1,,,,,,,,,,,,,6,,,,,
,,,,,,,,,,-1,,,,,,,,,,,,,21,,,,,
,,,,,,,,,,3,,,,,,,,,,,,,0,,,,,
,,,,,,,,,,2,,,,,,,,,,,,,39,,,,,
,,,,,,,,,,-1,,,,,,,,,,,,,2,,,,,
,,,,,,,,,,30,,,,,,,,,,,,,38,,,,,
,,,,,,,,,,1,,,,,,,,,,,,,2,,,,,
,,,,,,,,,,33,,,,,,,,,,,,,14,,,,,
,,,,,,,,,,36,,,,,,,,,,,,,4,,,,,
,,,,,,,,,,25,,,,,,,,,,,,,249,,,,,
,,,,,,,,,,281,,,,,,,,,,,,,-1,,,,,
,,,,,,,,,,9,,,,,,,,,,,,,53,,,,,
,,,,,,,,,,46,,,,,,,,,,,,,-1,,,,,
,,,,,,,,,,7,,,,,,,,,,,,,65,,,,,
,,,,,,,,,,-1,,,,,,,,,,,,,-1,,,,,
,,,,,,,,,,-1,,,,,,,,,,,,,14,,,,,
,,,,,,,,,,5,,,,,,,,,,,,,-1,,,,,
,,,,,,,,,,-1,,,,,,,,,,,,,-1,,,,,
,,,,,,,,,,9,,,,,,,,,,,,,0,,,,,
,,,,,,,,,,9,,,,,,,,,,,,,0,,,,,
,,,,,,,,,,0,,,,,,,,,,,,,-1,,,,,
,,,,,,,,,,0,,,,,,,,,,,,,1,,,,,
,,,,,,,,,,0,,,,,,,,,,,,,13,,,,,
,,,,,,,,,,0,,,,,,,,,,,,,60,,,,,
,,,,,,,,,,-1,,,,,,,,,,,,,-1,,,,,
,,,,,,,,,,9,,,,,,,,,,,,,0,,,,,
,,,,,,,,,,3,,,,,,,,,,,,,616,,,,,
,,,,,,,,,,9,,,,,,,,,,,,,-1,,,,,
,,,,,,,,,,0,,,,,,,,,,,,,0,,,,,
,,,,,,,,,,12,,,,,,,,,,,,,335,,,,,
,,,,,,,,,,274,,,,,,,,,,,,,-1,,,,,
,,,,,,,,,,0,,,,,,,,,,,,,-1,,,,,
,,,,,,,,,,80,,,,,,,,,,,,,8,,,,,
,,,,,,,,,,137,,,,,,,,,,,,,62,,,,,
,,,,,,,,,,-1,,,,,,,,,,,,,33,,,,,
,,,,,,,,,,4,,,,,,,,,,,,,696,,,,,
,,,,,,,,,,15,,,,,,,,,,,,,33,,,,,
,,,,,,,,,,243,,,,,,,,,,,,,-1,,,,,
,,,,,,,,,,90,,,,,,,,,,,,,-1,,,,,
,,,,,,,,,,0,,,,,,,,,,,,,162,,,,,
,,,,,,,,,,10,,,,,,,,,,,,,222,,,,,
,,,,,,,,,,23,,,,,,,,,,,,,-1,,,,,
,,,,,,,,,,46,,,,,,,,,,,,,499,,,,,
,,,,,,,,,,34,,,,,,,,,,,,,16,,,,,
,,,,,,,,,,11,,,,,,,,,,,,,-1,,,,,
,,,,,,,,,,-1,,,,,,,,,,,,,82,,,,,
,,,,,,,,,,44,,,,,,,,,,,,,365,,,,,
,,,,,,,,,,24,,,,,,,,,,,,,119,,,,,
,,,,,,,,,,5,,,,,,,,,,,,,1144,,,,,
,,,,,,,,,,7,,,,,,,,,,,,,184,,,,,
,,,,,,,,,,24,,,,,,,,,,,,,333,,,,,
,,,,,,,,,,9,,,,,,,,,,,,,402,,,,,
,,,,,,,,,,13,,,,,,,,,,,,,5,,,,,
,,,,,,,,,,15,,,,,,,,,,,,,51,,,,,
,,,,,,,,,,31,,,,,,,,,,,,,789,,,,,
,,,,,,,,,,101,,,,,,,,,,,,,196,,,,,
,,,,,,,,,,7,,,,,,,,,,,,,-1,,,,,
,,,,,,,,,,10,,,,,,,,,,,,,15,,,,,
,,,,,,,,,,54,,,,,,,,,,,,,-1,,,,,
,,,,,,,,,,6,,,,,,,,,,,,,19,,,,,
,,,,,,,,,,-1,,,,,,,,,,,,,-1,,,,,
,,,,,,,,,,4,,,,,,,,,,,,,-1,,,,,
,,,,,,,,,,-1,,,,,,,,,,,,,-1,,,,,
,,,,,,,,,,7,,,,,,,,,,,,,2,,,,,
,,,,,,,,,,10,,,,,,,,,,,,,5,,,,,
,,,,,,,,,,-1,,,,,,,,,,,,,44,,,,,
,,,,,,,,,,850,,,,,,,,,,,,,13,,,,,
,,,,,,,,,,-1,,,,,,,,,,,,,3,,,,,
,,,,,,,,,,9,,,,,,,,,,,,,373,,,,,
,,,,,,,,,,139,,,,,,,,,,,,,145,,,,,
,,,,,,,,,,27,,,,,,,,,,,,,-1,,,,,
,,,,,,,,,,0,,,,,,,,,,,,,-1,,,,,
,,,,,,,,,,0,,,,,,,,,,,,,51,,,,,
,,,,,,,,,,-1,,,,,,,,,,,,,-1,,,,,
,,,,,,,,,,-1,,,,,,,,,,,,,-1,,,,,
,,,,,,,,,,7,,,,,,,,,,,,,-1,,,,,
,,,,,,,,,,10,,,,,,,,,,,,,-1,,,,,
,,,,,,,,,,29,,,,,,,,,,,,,-1,,,,,
,,,,,,,,,,14,,,,,,,,,,,,,-1,,,,,
,,,,,,,,,,25,,,,,,,,,,,,,-1,,,,,
,,,,,,,,,,16,,,,,,,,,,,,,4,,,,,
,,,,,,,,,,2,,,,,,,,,,,,,3,,,,,
,,,,,,,,,,12,,,,,,,,,,,,,3,,,,,
,,,,,,,,,,46,,,,,,,,,,,,,-1,,,,,
,,,,,,,,,,5,,,,,,,,,,,,,-1,,,,,
,,,,,,,,,,111,,,,,,,,,,,,,38,,,,,
,,,,,,,,,,4,,,,,,,,,,,,,-1,,,,,
,,,,,,,,,,11,,,,,,,,,,,,,-1,,,,,
,,,,,,,,,,6,,,,,,,,,,,,,-1,,,,,
,,,,,,,,,,1,,,,,,,,,,,,,174,,,,,
,,,,,,,,,,2,,,,,,,,,,,,,-1,,,,,
,,,,,,,,,,-1,,,,,,,,,,,,,5,,,,,
,,,,,,,,,,58,,,,,,,,,,,,,12,,,,,
,,,,,,,,,,15,,,,,,,,,,,,,3,,,,,
,,,,,,,,,,26,,,,,,,,,,,,,-1,,,,,
,,,,,,,,,,18,,,,,,,,,,,,,52,,,,,
,,,,,,,,,,81,,,,,,,,,,,,,24,,,,,
,,,,,,,,,,36,,,,,,,,,,,,,36,,,,,
,,,,,,,,,,2,,,,,,,,,,,,,62,,,,,
,,,,,,,,,,6,,,,,,,,,,,,,-1,,,,,
,,,,,,,,,,4,,,,,,,,,,,,,42,,,,,
,,,,,,,,,,8,,,,,,,,,,,,,23,,,,,
,,,,,,,,,,-1,,,,,,,,,,,,,7,,,,,
,,,,,,,,,,-1,,,,,,,,,,,,,-1,,,,,
,,,,,,,,,,20,,,,,,,,,,,,,-1,,,,,
,,,,,,,,,,5,,,,,,,,,,,,,-1,,,,,
,,,,,,,,,,6,,,,,,,,,,,,,33,,,,,
,,,,,,,,,,-1,,,,,,,,,,,,,33,,,,,
,,,,,,,,,,16,,,,,,,,,,,,,251,,,,,
,,,,,,,,,,692,,,,,,,,,,,,,186,,,,,
,,,,,,,,,,16,,,,,,,,,,,,,-1,,,,,
,,,,,,,,,,15,,,,,,,,,,,,,-1,,,,,
,,,,,,,,,,-1,,,,,,,,,,,,,14,,,,,
,,,,,,,,,,-1,,,,,,,,,,,,,0,,,,,
,,,,,,,,,,19,,,,,,,,,,,,,-1,,,,,
,,,,,,,,,,8,,,,,,,,,,,,,-1,,,,,
,,,,,,,,,,10,,,,,,,,,,,,,8,,,,,
,,,,,,,,,,-1,,,,,,,,,,,,,300,,,,,
,,,,,,,,,,2,,,,,,,,,,,,,-1,,,,,
,,,,,,,,,,107,,,,,,,,,,,,,437,,,,,
,,,,,,,,,,8,,,,,,,,,,,,,559,,,,,
,,,,,,,,,,9,,,,,,,,,,,,,-1,,,,,
,,,,,,,,,,8,,,,,,,,,,,,,-1,,,,,
,,,,,,,,,,0,,,,,,,,,,,,,-1,,,,,
,,,,,,,,,,0,,,,,,,,,,,,,320,,,,,
,,,,,,,,,,0,,,,,,,,,,,,,946,,,,,
,,,,,,,,,,3,,,,,,,,,,,,,218,,,,,
,,,,,,,,,,0,,,,,,,,,,,,,506,,,,,
,,,,,,,,,,3,,,,,,,,,,,,,3,,,,,
,,,,,,,,,,0,,,,,,,,,,,,,738,,,,,
,,,,,,,,,,58,,,,,,,,,,,,,-1,,,,,
,,,,,,,,,,15,,,,,,,,,,,,,-1,,,,,
,,,,,,,,,,9,,,,,,,,,,,,,-1,,,,,
,,,,,,,,,,23,,,,,,,,,,,,,1062,,,,,
,,,,,,,,,,0,,,,,,,,,,,,,-1,,,,,
,,,,,,,,,,14,,,,,,,,,,,,,-1,,,,,
,,,,,,,,,,11,,,,,,,,,,,,,426,,,,,
,,,,,,,,,,52,,,,,,,,,,,,,0,,,,,
,,,,,,,,,,4,,,,,,,,,,,,,-1,,,,,
,,,,,,,,,,3,,,,,,,,,,,,,3,,,,,
,,,,,,,,,,2,,,,,,,,,,,,,48,,,,,
,,,,,,,,,,8,,,,,,,,,,,,,4,,,,,
,,,,,,,,,,29,,,,,,,,,,,,,18,,,,,
,,,,,,,,,,25,,,,,,,,,,,,,0,,,,,
,,,,,,,,,,0,,,,,,,,,,,,,8,,,,,
,,,,,,,,,,-1,,,,,,,,,,,,,94,,,,,
,,,,,,,,,,53,,,,,,,,,,,,,-1,,,,,
,,,,,,,,,,-1,,,,,,,,,,,,,-1,,,,,
,,,,,,,,,,7,,,,,,,,,,,,,1182,,,,,
,,,,,,,,,,0,,,,,,,,,,,,,806,,,,,
,,,,,,,,,,17,,,,,,,,,,,,,259,,,,,
,,,,,,,,,,0,,,,,,,,,,,,,66,,,,,
,,,,,,,,,,11,,,,,,,,,,,,,227,,,,,
,,,,,,,,,,-1,,,,,,,,,,,,,22,,,,,
,,,,,,,,,,5,,,,,,,,,,,,,-1,,,,,
,,,,,,,,,,-1,,,,,,,,,,,,,956,,,,,
,,,,,,,,,,-1,,,,,,,,,,,,,715,,,,,
,,,,,,,,,,716,,,,,,,,,,,,,-1,,,,,
,,,,,,,,,,-1,,,,,,,,,,,,,-1,,,,,
,,,,,,,,,,-1,,,,,,,,,,,,,-1,,,,,
,,,,,,,,,,17,,,,,,,,,,,,,-1,,,,,
,,,,,,,,,,0,,,,,,,,,,,,,1138,,,,,
,,,,,,,,,,21,,,,,,,,,,,,,141,,,,,
,,,,,,,,,,0,,,,,,,,,,,,,9,,,,,
,,,,,,,,,,9,,,,,,,,,,,,,-1,,,,,
,,,,,,,,,,13,,,,,,,,,,,,,-1,,,,,
,,,,,,,,,,-1,,,,,,,,,,,,,23,,,,,
,,,,,,,,,,16,,,,,,,,,,,,,38,,,,,
,,,,,,,,,,-1,,,,,,,,,,,,,44,,,,,
,,,,,,,,,,9,,,,,,,,,,,,,-1,,,,,
,,,,,,,,,,8,,,,,,,,,,,,,114,,,,,
,,,,,,,,,,6,,,,,,,,,,,,,-1,,,,,
,,,,,,,,,,12,,,,,,,,,,,,,-1,,,,,
,,,,,,,,,,4,,,,,,,,,,,,,-1,,,,,
,,,,,,,,,,-1,,,,,,,,,,,,,-1,,,,,
,,,,,,,,,,-1,,,,,,,,,,,,,-1,,,,,
,,,,,,,,,,-1,,,,,,,,,,,,,-1,,,,,
,,,,,,,,,,31,,,,,,,,,,,,,-1,,,,,
,,,,,,,,,,-1,,,,,,,,,,,,,-1,,,,,
,,,,,,,,,,5,,,,,,,,,,,,,25,,,,,
,,,,,,,,,,0,,,,,,,,,,,,,549,,,,,
,,,,,,,,,,20,,,,,,,,,,,,,5,,,,,
,,,,,,,,,,0,,,,,,,,,,,,,-1,,,,,
,,,,,,,,,,-1,,,,,,,,,,,,,6,,,,,
,,,,,,,,,,0,,,,,,,,,,,,,228,,,,,
,,,,,,,,,,82,,,,,,,,,,,,,61,,,,,
,,,,,,,,,,10,,,,,,,,,,,,,0,,,,,
,,,,,,,,,,35,,,,,,,,,,,,,228,,,,,
,,,,,,,,,,13,,,,,,,,,,,,,0,,,,,
,,,,,,,,,,26,,,,,,,,,,,,,-1,,,,,
,,,,,,,,,,6,,,,,,,,,,,,,-1,,,,,
,,,,,,,,,,0,,,,,,,,,,,,,11,,,,,
,,,,,,,,,,-1,,,,,,,,,,,,,-1,,,,,
,,,,,,,,,,0,,,,,,,,,,,,,-1,,,,,
,,,,,,,,,,39,,,,,,,,,,,,,-1,,,,,
,,,,,,,,,,69,,,,,,,,,,,,,-1,,,,,
,,,,,,,,,,21,,,,,,,,,,,,,849,,,,,
,,,,,,,,,,0,,,,,,,,,,,,,12,,,,,
,,,,,,,,,,-1,,,,,,,,,,,,,92,,,,,
,,,,,,,,,,2,,,,,,,,,,,,,19,,,,,
,,,,,,,,,,14,,,,,,,,,,,,,30,,,,,
,,,,,,,,,,16,,,,,,,,,,,,,470,,,,,
,,,,,,,,,,14,,,,,,,,,,,,,-1,,,,,
,,,,,,,,,,0,,,,,,,,,,,,,17,,,,,
,,,,,,,,,,9,,,,,,,,,,,,,1,,,,,
,,,,,,,,,,1,,,,,,,,,,,,,-1,,,,,
,,,,,,,,,,6,,,,,,,,,,,,,-1,,,,,
,,,,,,,,,,-1,,,,,,,,,,,,,10,,,,,
,,,,,,,,,,17,,,,,,,,,,,,,342,,,,,
,,,,,,,,,,-1,,,,,,,,,,,,,17,,,,,
,,,,,,,,,,10,,,,,,,,,,,,,0,,,,,
,,,,,,,,,,81,,,,,,,,,,,,,0,,,,,
,,,,,,,,,,-1,,,,,,,,,,,,,0,,,,,
,,,,,,,,,,-1,,,,,,,,,,,,,7,,,,,
,,,,,,,,,,3,,,,,,,,,,,,,6,,,,,
,,,,,,,,,,34,,,,,,,,,,,,,727,,,,,
,,,,,,,,,,39,,,,,,,,,,,,,0,,,,,
,,,,,,,,,,29,,,,,,,,,,,,,-1,,,,,
,,,,,,,,,,77,,,,,,,,,,,,,15,,,,,
,,,,,,,,,,75,,,,,,,,,,,,,266,,,,,
,,,,,,,,,,-1,,,,,,,,,,,,,11,,,,,
,,,,,,,,,,54,,,,,,,,,,,,,53,,,,,
,,,,,,,,,,0,,,,,,,,,,,,,704,,,,,
,,,,,,,,,,8,,,,,,,,,,,,,2,,,,,
,,,,,,,,,,19,,,,,,,,,,,,,20,,,,,
,,,,,,,,,,19,,,,,,,,,,,,,1025,,,,,
,,,,,,,,,,29,,,,,,,,,,,,,-1,,,,,
,,,,,,,,,,13,,,,,,,,,,,,,364,,,,,
,,,,,,,,,,17,,,,,,,,,,,,,-1,,,,,
,,,,,,,,,,13,,,,,,,,,,,,,927,,,,,
,,,,,,,,,,106,,,,,,,,,,,,,-1,,,,,
,,,,,,,,,,18,,,,,,,,,,,,,55,,,,,
,,,,,,,,,,15,,,,,,,,,,,,,224,,,,,
,,,,,,,,,,8,,,,,,,,,,,,,234,,,,,
,,,,,,,,,,2,,,,,,,,,,,,,114,,,,,
,,,,,,,,,,8,,,,,,,,,,,,,-1,,,,,
,,,,,,,,,,-1,,,,,,,,,,,,,83,,,,,
,,,,,,,,,,5,,,,,,,,,,,,,7,,,,,
,,,,,,,,,,32,,,,,,,,,,,,,-1,,,,,
,,,,,,,,,,-1,,,,,,,,,,,,,22,,,,,
,,,,,,,,,,-1,,,,,,,,,,,,,-1,,,,,
,,,,,,,,,,9,,,,,,,,,,,,,-1,,,,,
,,,,,,,,,,6,,,,,,,,,,,,,40,,,,,
,,,,,,,,,,19,,,,,,,,,,,,,2,,,,,
,,,,,,,,,,123,,,,,,,,,,,,,-1,,,,,
,,,,,,,,,,65,,,,,,,,,,,,,9,,,,,
,,,,,,,,,,31,,,,,,,,,,,,,4,,,,,
,,,,,,,,,,20,,,,,,,,,,,,,-1,,,,,
,,,,,,,,,,-1,,,,,,,,,,,,,6,,,,,
,,,,,,,,,,27,,,,,,,,,,,,,-1,,,,,
,,,,,,,,,,27,,,,,,,,,,,,,-1,,,,,
,,,,,,,,,,17,,,,,,,,,,,,,52,,,,,
,,,,,,,,,,9,,,,,,,,,,,,,128,,,,,
,,,,,,,,,,-1,,,,,,,,,,,,,-1,,,,,
,,,,,,,,,,-1,,,,,,,,,,,,,49,,,,,
,,,,,,,,,,7,,,,,,,,,,,,,-1,,,,,
,,,,,,,,,,30,,,,,,,,,,,,,60,,,,,
,,,,,,,,,,-1,,,,,,,,,,,,,34,,,,,
,,,,,,,,,,15,,,,,,,,,,,,,20,,,,,
,,,,,,,,,,36,,,,,,,,,,,,,-1,,,,,
,,,,,,,,,,0,,,,,,,,,,,,,-1,,,,,
,,,,,,,,,,373,,,,,,,,,,,,,162,,,,,
,,,,,,,,,,-1,,,,,,,,,,,,,-1,,,,,
,,,,,,,,,,49,,,,,,,,,,,,,711,,,,,
,,,,,,,,,,38,,,,,,,,,,,,,187,,,,,
,,,,,,,,,,22,,,,,,,,,,,,,-1,,,,,
,,,,,,,,,,437,,,,,,,,,,,,,1,,,,,
,,,,,,,,,,613,,,,,,,,,,,,,-1,,,,,
,,,,,,,,,,-1,,,,,,,,,,,,,1,,,,,
,,,,,,,,,,-1,,,,,,,,,,,,,-1,,,,,
,,,,,,,,,,-1,,,,,,,,,,,,,5,,,,,
,,,,,,,,,,1,,,,,,,,,,,,,1,,,,,
,,,,,,,,,,-1,,,,,,,,,,,,,48,,,,,
,,,,,,,,,,34,,,,,,,,,,,,,28,,,,,
,,,,,,,,,,108,,,,,,,,,,,,,18,,,,,
,,,,,,,,,,61,,,,,,,,,,,,,1,,,,,
,,,,,,,,,,50,,,,,,,,,,,,,-1,,,,,
,,,,,,,,,,76,,,,,,,,,,,,,25,,,,,
,,,,,,,,,,139,,,,,,,,,,,,,-1,,,,,
,,,,,,,,,,6,,,,,,,,,,,,,-1,,,,,
,,,,,,,,,,3,,,,,,,,,,,,,-1,,,,,
,,,,,,,,,,14,,,,,,,,,,,,,24,,,,,
,,,,,,,,,,5,,,,,,,,,,,,,42,,,,,
,,,,,,,,,,14,,,,,,,,,,,,,953,,,,,
,,,,,,,,,,227,,,,,,,,,,,,,-1,,,,,
,,,,,,,,,,12,,,,,,,,,,,,,193,,,,,
,,,,,,,,,,-1,,,,,,,,,,,,,197,,,,,
,,,,,,,,,,-1,,,,,,,,,,,,,-1,,,,,
,,,,,,,,,,704,,,,,,,,,,,,,-1,,,,,
,,,,,,,,,,35,,,,,,,,,,,,,514,,,,,
,,,,,,,,,,-1,,,,,,,,,,,,,-1,,,,,
,,,,,,,,,,2,,,,,,,,,,,,,-1,,,,,
,,,,,,,,,,17,,,,,,,,,,,,,37,,,,,
,,,,,,,,,,78,,,,,,,,,,,,,-1,,,,,
,,,,,,,,,,78,,,,,,,,,,,,,-1,,,,,
,,,,,,,,,,-1,,,,,,,,,,,,,405,,,,,
,,,,,,,,,,529,,,,,,,,,,,,,70,,,,,
,,,,,,,,,,13,,,,,,,,,,,,,346,,,,,
,,,,,,,,,,15,,,,,,,,,,,,,-1,,,,,
,,,,,,,,,,12,,,,,,,,,,,,,89,,,,,
,,,,,,,,,,22,,,,,,,,,,,,,429,,,,,
,,,,,,,,,,13,,,,,,,,,,,,,1155,,,,,
,,,,,,,,,,-1,,,,,,,,,,,,,-1,,,,,
,,,,,,,,,,-1,,,,,,,,,,,,,767,,,,,
,,,,,,,,,,1,,,,,,,,,,,,,-1,,,,,
,,,,,,,,,,0,,,,,,,,,,,,,390,,,,,
,,,,,,,,,,0,,,,,,,,,,,,,416,,,,,
,,,,,,,,,,-1,,,,,,,,,,,,,203,,,,,
,,,,,,,,,,-1,,,,,,,,,,,,,853,,,,,
,,,,,,,,,,0,,,,,,,,,,,,,0,,,,,
,,,,,,,,,,-1,,,,,,,,,,,,,-1,,,,,
,,,,,,,,,,-1,,,,,,,,,,,,,285,,,,,
,,,,,,,,,,12,,,,,,,,,,,,,23,,,,,
,,,,,,,,,,-1,,,,,,,,,,,,,-1,,,,,
,,,,,,,,,,30,,,,,,,,,,,,,15,,,,,
,,,,,,,,,,2,,,,,,,,,,,,,66,,,,,
,,,,,,,,,,-1,,,,,,,,,,,,,0,,,,,
,,,,,,,,,,1,,,,,,,,,,,,,77,,,,,
,,,,,,,,,,3,,,,,,,,,,,,,-1,,,,,
,,,,,,,,,,6,,,,,,,,,,,,,-1,,,,,
,,,,,,,,,,11,,,,,,,,,,,,,-1,,,,,
,,,,,,,,,,20,,,,,,,,,,,,,-1,,,,,
,,,,,,,,,,-1,,,,,,,,,,,,,34,,,,,
,,,,,,,,,,47,,,,,,,,,,,,,70,,,,,
,,,,,,,,,,-1,,,,,,,,,,,,,18,,,,,
,,,,,,,,,,1,,,,,,,,,,,,,308,,,,,
,,,,,,,,,,22,,,,,,,,,,,,,516,,,,,
,,,,,,,,,,17,,,,,,,,,,,,,153,,,,,
,,,,,,,,,,81,,,,,,,,,,,,,-1,,,,,
,,,,,,,,,,61,,,,,,,,,,,,,-1,,,,,
,,,,,,,,,,59,,,,,,,,,,,,,90,,,,,
,,,,,,,,,,13,,,,,,,,,,,,,-1,,,,,
,,,,,,,,,,-1,,,,,,,,,,,,,2,,,,,
,,,,,,,,,,34,,,,,,,,,,,,,0,,,,,
,,,,,,,,,,-1,,,,,,,,,,,,,-1,,,,,
,,,,,,,,,,283,,,,,,,,,,,,,-1,,,,,
,,,,,,,,,,4,,,,,,,,,,,,,-1,,,,,
,,,,,,,,,,21,,,,,,,,,,,,,-1,,,,,
,,,,,,,,,,-1,,,,,,,,,,,,,-1,,,,,
,,,,,,,,,,-1,,,,,,,,,,,,,-1,,,,,
,,,,,,,,,,-1,,,,,,,,,,,,,945,,,,,
,,,,,,,,,,-1,,,,,,,,,,,,,-1,,,,,
,,,,,,,,,,6,,,,,,,,,,,,,6,,,,,
,,,,,,,,,,56,,,,,,,,,,,,,-1,,,,,
,,,,,,,,,,24,,,,,,,,,,,,,10,,,,,
,,,,,,,,,,114,,,,,,,,,,,,,-1,,,,,
,,,,,,,,,,26,,,,,,,,,,,,,-1,,,,,
,,,,,,,,,,5,,,,,,,,,,,,,153,,,,,
,,,,,,,,,,3,,,,,,,,,,,,,10,,,,,
,,,,,,,,,,2,,,,,,,,,,,,,-1,,,,,
,,,,,,,,,,3,,,,,,,,,,,,,-1,,,,,
,,,,,,,,,,13,,,,,,,,,,,,,62,,,,,
,,,,,,,,,,3,,,,,,,,,,,,,24,,,,,
,,,,,,,,,,46,,,,,,,,,,,,,1,,,,,
,,,,,,,,,,-1,,,,,,,,,,,,,3,,,,,
,,,,,,,,,,2,,,,,,,,,,,,,13,,,,,
,,,,,,,,,,0,,,,,,,,,,,,,25,,,,,
,,,,,,,,,,3,,,,,,,,,,,,,-1,,,,,
,,,,,,,,,,-1,,,,,,,,,,,,,-1,,,,,
,,,,,,,,,,4,,,,,,,,,,,,,-1,,,,,
,,,,,,,,,,8,,,,,,,,,,,,,153,,,,,
,,,,,,,,,,18,,,,,,,,,,,,,-1,,,,,
,,,,,,,,,,4,,,,,,,,,,,,,745,,,,,
,,,,,,,,,,17,,,,,,,,,,,,,-1,,,,,
,,,,,,,,,,0,,,,,,,,,,,,,68,,,,,
,,,,,,,,,,-1,,,,,,,,,,,,,-1,,,,,
,,,,,,,,,,-1,,,,,,,,,,,,,37,,,,,
,,,,,,,,,,1,,,,,,,,,,,,,433,,,,,
,,,,,,,,,,27,,,,,,,,,,,,,43,,,,,
,,,,,,,,,,-1,,,,,,,,,,,,,20,,,,,
,,,,,,,,,,-1,,,,,,,,,,,,,-1,,,,,
,,,,,,,,,,-1,,,,,,,,,,,,,15,,,,,
,,,,,,,,,,65,,,,,,,,,,,,,3,,,,,
,,,,,,,,,,-1,,,,,,,,,,,,,6,,,,,
,,,,,,,,,,14,,,,,,,,,,,,,4,,,,,
,,,,,,,,,,-1,,,,,,,,,,,,,-1,,,,,
,,,,,,,,,,9,,,,,,,,,,,,,36,,,,,
,,,,,,,,,,23,,,,,,,,,,,,,42,,,,,
,,,,,,,,,,26,,,,,,,,,,,,,63,,,,,
,,,,,,,,,,2,,,,,,,,,,,,,23,,,,,
,,,,,,,,,,-1,,,,,,,,,,,,,42,,,,,
,,,,,,,,,,29,,,,,,,,,,,,,-1,,,,,
,,,,,,,,,,-1,,,,,,,,,,,,,-1,,,,,
,,,,,,,,,,2,,,,,,,,,,,,,1194,,,,,
,,,,,,,,,,1,,,,,,,,,,,,,807,,,,,
,,,,,,,,,,-1,,,,,,,,,,,,,6,,,,,
,,,,,,,,,,409,,,,,,,,,,,,,0,,,,,
,,,,,,,,,,-1,,,,,,,,,,,,,49,,,,,
,,,,,,,,,,17,,,,,,,,,,,,,56,,,,,
,,,,,,,,,,20,,,,,,,,,,,,,8,,,,,
,,,,,,,,,,-1,,,,,,,,,,,,,8,,,,,
,,,,,,,,,,-1,,,,,,,,,,,,,-1,,,,,
,,,,,,,,,,122,,,,,,,,,,,,,-1,,,,,
,,,,,,,,,,92,,,,,,,,,,,,,-1,,,,,
,,,,,,,,,,-1,,,,,,,,,,,,,-1,,,,,
,,,,,,,,,,-1,,,,,,,,,,,,,-1,,,,,
,,,,,,,,,,9,,,,,,,,,,,,,29,,,,,
,,,,,,,,,,-1,,,,,,,,,,,,,335,,,,,
,,,,,,,,,,-1,,,,,,,,,,,,,22,,,,,
,,,,,,,,,,-1,,,,,,,,,,,,,228,,,,,
,,,,,,,,,,80,,,,,,,,,,,,,203,,,,,
,,,,,,,,,,12,,,,,,,,,,,,,171,,,,,
,,,,,,,,,,-1,,,,,,,,,,,,,8,,,,,
,,,,,,,,,,-1,,,,,,,,,,,,,130,,,,,
,,,,,,,,,,12,,,,,,,,,,,,,50,,,,,
,,,,,,,,,,-1,,,,,,,,,,,,,-1,,,,,
,,,,,,,,,,696,,,,,,,,,,,,,0,,,,,
,,,,,,,,,,-1,,,,,,,,,,,,,-1,,,,,
,,,,,,,,,,25,,,,,,,,,,,,,61,,,,,
,,,,,,,,,,4,,,,,,,,,,,,,520,,,,,
,,,,,,,,,,273,,,,,,,,,,,,,13,,,,,
,,,,,,,,,,203,,,,,,,,,,,,,8,,,,,
,,,,,,,,,,12,,,,,,,,,,,,,38,,,,,
,,,,,,,,,,-1,,,,,,,,,,,,,273,,,,,
,,,,,,,,,,-1,,,,,,,,,,,,,-1,,,,,
,,,,,,,,,,7,,,,,,,,,,,,,-1,,,,,
,,,,,,,,,,13,,,,,,,,,,,,,1,,,,,
,,,,,,,,,,240,,,,,,,,,,,,,439,,,,,
,,,,,,,,,,1,,,,,,,,,,,,,-1,,,,,
,,,,,,,,,,-1,,,,,,,,,,,,,206,,,,,
,,,,,,,,,,8,,,,,,,,,,,,,197,,,,,
,,,,,,,,,,-1,,,,,,,,,,,,,156,,,,,
,,,,,,,,,,-1,,,,,,,,,,,,,699,,,,,
,,,,,,,,,,-1,,,,,,,,,,,,,955,,,,,
,,,,,,,,,,89,,,,,,,,,,,,,-1,,,,,
,,,,,,,,,,-1,,,,,,,,,,,,,10,,,,,
,,,,,,,,,,-1,,,,,,,,,,,,,1,,,,,
,,,,,,,,,,930,,,,,,,,,,,,,10,,,,,
,,,,,,,,,,82,,,,,,,,,,,,,-1,,,,,
,,,,,,,,,,13,,,,,,,,,,,,,-1,,,,,
,,,,,,,,,,18,,,,,,,,,,,,,3,,,,,
,,,,,,,,,,117,,,,,,,,,,,,,5,,,,,
,,,,,,,,,,7,,,,,,,,,,,,,6,,,,,
,,,,,,,,,,0,,,,,,,,,,,,,2,,,,,
,,,,,,,,,,25,,,,,,,,,,,,,14,,,,,
,,,,,,,,,,109,,,,,,,,,,,,,-1,,,,,
,,,,,,,,,,7,,,,,,,,,,,,,9,,,,,
,,,,,,,,,,-1,,,,,,,,,,,,,-1,,,,,
,,,,,,,,,,0,,,,,,,,,,,,,-1,,,,,
,,,,,,,,,,22,,,,,,,,,,,,,13,,,,,
,,,,,,,,,,35,,,,,,,,,,,,,3,,,,,
,,,,,,,,,,-1,,,,,,,,,,,,,0,,,,,
,,,,,,,,,,17,,,,,,,,,,,,,1,,,,,
,,,,,,,,,,80,,,,,,,,,,,,,85,,,,,
,,,,,,,,,,155,,,,,,,,,,,,,4,,,,,
,,,,,,,,,,42,,,,,,,,,,,,,705,,,,,
,,,,,,,,,,73,,,,,,,,,,,,,22,,,,,
,,,,,,,,,,0,,,,,,,,,,,,,179,,,,,
,,,,,,,,,,-1,,,,,,,,,,,,,28,,,,,
,,,,,,,,,,0,,,,,,,,,,,,,116,,,,,
,,,,,,,,,,0,,,,,,,,,,,,,-1,,,,,
,,,,,,,,,,13,,,,,,,,,,,,,-1,,,,,
,,,,,,,,,,-1,,,,,,,,,,,,,-1,,,,,
,,,,,,,,,,38,,,,,,,,,,,,,6,,,,,
,,,,,,,,,,-1,,,,,,,,,,,,,47,,,,,
,,,,,,,,,,30,,,,,,,,,,,,,24,,,,,
,,,,,,,,,,35,,,,,,,,,,,,,1,,,,,
,,,,,,,,,,6,,,,,,,,,,,,,-1,,,,,
,,,,,,,,,,-1,,,,,,,,,,,,,14,,,,,
,,,,,,,,,,-1,,,,,,,,,,,,,19,,,,,
,,,,,,,,,,26,,,,,,,,,,,,,0,,,,,
,,,,,,,,,,294,,,,,,,,,,,,,8,,,,,
,,,,,,,,,,38,,,,,,,,,,,,,-1,,,,,
,,,,,,,,,,0,,,,,,,,,,,,,-1,,,,,
,,,,,,,,,,0,,,,,,,,,,,,,-1,,,,,
,,,,,,,,,,-1,,,,,,,,,,,,,-1,,,,,
,,,,,,,,,,36,,,,,,,,,,,,,109,,,,,
,,,,,,,,,,3,,,,,,,,,,,,,18,,,,,
,,,,,,,,,,18,,,,,,,,,,,,,-1,,,,,
,,,,,,,,,,29,,,,,,,,,,,,,94,,,,,
,,,,,,,,,,737,,,,,,,,,,,,,-1,,,,,
,,,,,,,,,,16,,,,,,,,,,,,,112,,,,,
,,,,,,,,,,-1,,,,,,,,,,,,,-1,,,,,
,,,,,,,,,,7,,,,,,,,,,,,,35,,,,,
,,,,,,,,,,2,,,,,,,,,,,,,182,,,,,
,,,,,,,,,,0,,,,,,,,,,,,,6,,,,,
,,,,,,,,,,492,,,,,,,,,,,,,-1,,,,,
,,,,,,,,,,108,,,,,,,,,,,,,2,,,,,
,,,,,,,,,,0,,,,,,,,,,,,,-1,,,,,
,,,,,,,,,,17,,,,,,,,,,,,,-1,,,,,
,,,,,,,,,,17,,,,,,,,,,,,,-1,,,,,
,,,,,,,,,,-1,,,,,,,,,,,,,-1,,,,,
,,,,,,,,,,2,,,,,,,,,,,,,202,,,,,
,,,,,,,,,,-1,,,,,,,,,,,,,126,,,,,
,,,,,,,,,,18,,,,,,,,,,,,,251,,,,,
,,,,,,,,,,174,,,,,,,,,,,,,-1,,,,,
,,,,,,,,,,275,,,,,,,,,,,,,-1,,,,,
,,,,,,,,,,89,,,,,,,,,,,,,-1,,,,,
,,,,,,,,,,-1,,,,,,,,,,,,,249,,,,,
,,,,,,,,,,114,,,,,,,,,,,,,244,,,,,
,,,,,,,,,,334,,,,,,,,,,,,,-1,,,,,
,,,,,,,,,,14,,,,,,,,,,,,,-1,,,,,
,,,,,,,,,,-1,,,,,,,,,,,,,29,,,,,
,,,,,,,,,,115,,,,,,,,,,,,,-1,,,,,
,,,,,,,,,,22,,,,,,,,,,,,,-1,,,,,
,,,,,,,,,,6,,,,,,,,,,,,,-1,,,,,
,,,,,,,,,,16,,,,,,,,,,,,,914,,,,,
,,,,,,,,,,18,,,,,,,,,,,,,0,,,,,
,,,,,,,,,,7,,,,,,,,,,,,,0,,,,,
,,,,,,,,,,25,,,,,,,,,,,,,460,,,,,
,,,,,,,,,,4,,,,,,,,,,,,,0,,,,,
,,,,,,,,,,0,,,,,,,,,,,,,-1,,,,,
,,,,,,,,,,7,,,,,,,,,,,,,0,,,,,
,,,,,,,,,,37,,,,,,,,,,,,,1,,,,,
,,,,,,,,,,10,,,,,,,,,,,,,27,,,,,
,,,,,,,,,,122,,,,,,,,,,,,,-1,,,,,
,,,,,,,,,,201,,,,,,,,,,,,,-1,,,,,
,,,,,,,,,,-1,,,,,,,,,,,,,-1,,,,,
,,,,,,,,,,-1,,,,,,,,,,,,,-1,,,,,
,,,,,,,,,,644,,,,,,,,,,,,,-1,,,,,
,,,,,,,,,,0,,,,,,,,,,,,,-1,,,,,
,,,,,,,,,,19,,,,,,,,,,,,,190,,,,,
,,,,,,,,,,-1,,,,,,,,,,,,,-1,,,,,
,,,,,,,,,,-1,,,,,,,,,,,,,12,,,,,
,,,,,,,,,,41,,,,,,,,,,,,,53,,,,,
,,,,,,,,,,-1,,,,,,,,,,,,,1031,,,,,
,,,,,,,,,,1,,,,,,,,,,,,,48,,,,,
,,,,,,,,,,-1,,,,,,,,,,,,,296,,,,,
,,,,,,,,,,48,,,,,,,,,,,,,425,,,,,
,,,,,,,,,,-1,,,,,,,,,,,,,148,,,,,
,,,,,,,,,,68,,,,,,,,,,,,,9,,,,,
,,,,,,,,,,3,,,,,,,,,,,,,-1,,,,,
,,,,,,,,,,1,,,,,,,,,,,,,-1,,,,,
,,,,,,,,,,-1,,,,,,,,,,,,,2,,,,,
,,,,,,,,,,-1,,,,,,,,,,,,,1,,,,,
,,,,,,,,,,24,,,,,,,,,,,,,11,,,,,
,,,,,,,,,,2,,,,,,,,,,,,,416,,,,,
,,,,,,,,,,26,,,,,,,,,,,,,17,,,,,
,,,,,,,,,,0,,,,,,,,,,,,,27,,,,,
,,,,,,,,,,0,,,,,,,,,,,,,40,,,,,
,,,,,,,,,,4,,,,,,,,,,,,,-1,,,,,
,,,,,,,,,,32,,,,,,,,,,,,,-1,,,,,
,,,,,,,,,,15,,,,,,,,,,,,,41,,,,,
,,,,,,,,,,26,,,,,,,,,,,,,0,,,,,
,,,,,,,,,,8,,,,,,,,,,,,,19,,,,,
,,,,,,,,,,8,,,,,,,,,,,,,53,,,,,
,,,,,,,,,,12,,,,,,,,,,,,,0,,,,,
,,,,,,,,,,10,,,,,,,,,,,,,12,,,,,
,,,,,,,,,,25,,,,,,,,,,,,,0,,,,,
,,,,,,,,,,-1,,,,,,,,,,,,,-1,,,,,
,,,,,,,,,,-1,,,,,,,,,,,,,0,,,,,
,,,,,,,,,,133,,,,,,,,,,,,,-1,,,,,
,,,,,,,,,,19,,,,,,,,,,,,,-1,,,,,
,,,,,,,,,,-1,,,,,,,,,,,,,9,,,,,
,,,,,,,,,,-1,,,,,,,,,,,,,-1,,,,,
,,,,,,,,,,7,,,,,,,,,,,,,30,,,,,
,,,,,,,,,,15,,,,,,,,,,,,,12,,,,,
,,,,,,,,,,0,,,,,,,,,,,,,178,,,,,
,,,,,,,,,,0,,,,,,,,,,,,,186,,,,,
,,,,,,,,,,78,,,,,,,,,,,,,99,,,,,
,,,,,,,,,,-1,,,,,,,,,,,,,-1,,,,,
,,,,,,,,,,-1,,,,,,,,,,,,,12,,,,,
,,,,,,,,,,-1,,,,,,,,,,,,,13,,,,,
,,,,,,,,,,20,,,,,,,,,,,,,-1,,,,,
,,,,,,,,,,4,,,,,,,,,,,,,13,,,,,
,,,,,,,,,,-1,,,,,,,,,,,,,8,,,,,
,,,,,,,,,,1082,,,,,,,,,,,,,-1,,,,,
,,,,,,,,,,-1,,,,,,,,,,,,,23,,,,,
,,,,,,,,,,13,,,,,,,,,,,,,1,,,,,
,,,,,,,,,,30,,,,,,,,,,,,,18,,,,,
,,,,,,,,,,145,,,,,,,,,,,,,2,,,,,
,,,,,,,,,,0,,,,,,,,,,,,,95,,,,,
,,,,,,,,,,0,,,,,,,,,,,,,38,,,,,
,,,,,,,,,,11,,,,,,,,,,,,,35,,,,,
,,,,,,,,,,-1,,,,,,,,,,,,,24,,,,,
,,,,,,,,,,9,,,,,,,,,,,,,23,,,,,
,,,,,,,,,,30,,,,,,,,,,,,,23,,,,,
,,,,,,,,,,73,,,,,,,,,,,,,15,,,,,
,,,,,,,,,,440,,,,,,,,,,,,,11,,,,,
,,,,,,,,,,-1,,,,,,,,,,,,,129,,,,,
,,,,,,,,,,622,,,,,,,,,,,,,79,,,,,
,,,,,,,,,,129,,,,,,,,,,,,,7,,,,,
,,,,,,,,,,-1,,,,,,,,,,,,,-1,,,,,
,,,,,,,,,,-1,,,,,,,,,,,,,12,,,,,
,,,,,,,,,,30,,,,,,,,,,,,,149,,,,,
,,,,,,,,,,9,,,,,,,,,,,,,-1,,,,,
,,,,,,,,,,274,,,,,,,,,,,,,-1,,,,,
,,,,,,,,,,18,,,,,,,,,,,,,39,,,,,
,,,,,,,,,,18,,,,,,,,,,,,,0,,,,,
,,,,,,,,,,0,,,,,,,,,,,,,8,,,,,
,,,,,,,,,,-1,,,,,,,,,,,,,-1,,,,,
,,,,,,,,,,971,,,,,,,,,,,,,104,,,,,
,,,,,,,,,,686,,,,,,,,,,,,,-1,,,,,
,,,,,,,,,,603,,,,,,,,,,,,,-1,,,,,
,,,,,,,,,,-1,,,,,,,,,,,,,30,,,,,
,,,,,,,,,,-1,,,,,,,,,,,,,12,,,,,
,,,,,,,,,,35,,,,,,,,,,,,,-1,,,,,
,,,,,,,,,,1054,,,,,,,,,,,,,-1,,,,,
,,,,,,,,,,-1,,,,,,,,,,,,,53,,,,,
,,,,,,,,,,69,,,,,,,,,,,,,-1,,,,,
,,,,,,,,,,50,,,,,,,,,,,,,59,,,,,
,,,,,,,,,,218,,,,,,,,,,,,,-1,,,,,
,,,,,,,,,,-1,,,,,,,,,,,,,3,,,,,
,,,,,,,,,,45,,,,,,,,,,,,,0,,,,,
,,,,,,,,,,25,,,,,,,,,,,,,-1,,,,,
,,,,,,,,,,0,,,,,,,,,,,,,-1,,,,,
,,,,,,,,,,-1,,,,,,,,,,,,,-1,,,,,
,,,,,,,,,,259,,,,,,,,,,,,,12,,,,,
,,,,,,,,,,31,,,,,,,,,,,,,-1,,,,,
,,,,,,,,,,13,,,,,,,,,,,,,32,,,,,
,,,,,,,,,,-1,,,,,,,,,,,,,19,,,,,
,,,,,,,,,,-1,,,,,,,,,,,,,24,,,,,
,,,,,,,,,,11,,,,,,,,,,,,,-1,,,,,
,,,,,,,,,,48,,,,,,,,,,,,,7,,,,,
,,,,,,,,,,1015,,,,,,,,,,,,,20,,,,,
,,,,,,,,,,-1,,,,,,,,,,,,,342,,,,,
,,,,,,,,,,0,,,,,,,,,,,,,245,,,,,
,,,,,,,,,,7,,,,,,,,,,,,,433,,,,,
,,,,,,,,,,-1,,,,,,,,,,,,,94,,,,,
,,,,,,,,,,112,,,,,,,,,,,,,20,,,,,
,,,,,,,,,,49,,,,,,,,,,,,,3,,,,,
,,,,,,,,,,42,,,,,,,,,,,,,48,,,,,
,,,,,,,,,,24,,,,,,,,,,,,,17,,,,,
,,,,,,,,,,-1,,,,,,,,,,,,,14,,,,,
,,,,,,,,,,3,,,,,,,,,,,,,23,,,,,
,,,,,,,,,,6,,,,,,,,,,,,,8,,,,,
,,,,,,,,,,35,,,,,,,,,,,,,260,,,,,
,,,,,,,,,,47,,,,,,,,,,,,,3,,,,,
,,,,,,,,,,0,,,,,,,,,,,,,127,,,,,
,,,,,,,,,,11,,,,,,,,,,,,,-1,,,,,
,,,,,,,,,,20,,,,,,,,,,,,,10,,,,,
,,,,,,,,,,19,,,,,,,,,,,,,-1,,,,,
,,,,,,,,,,-1,,,,,,,,,,,,,41,,,,,
,,,,,,,,,,-1,,,,,,,,,,,,,155,,,,,
,,,,,,,,,,7,,,,,,,,,,,,,9,,,,,
,,,,,,,,,,215,,,,,,,,,,,,,50,,,,,
,,,,,,,,,,-1,,,,,,,,,,,,,968,,,,,
,,,,,,,,,,22,,,,,,,,,,,,,-1,,,,,
,,,,,,,,,,221,,,,,,,,,,,,,-1,,,,,
,,,,,,,,,,-1,,,,,,,,,,,,,-1,,,,,
,,,,,,,,,,120,,,,,,,,,,,,,591,,,,,
,,,,,,,,,,31,,,,,,,,,,,,,-1,,,,,
,,,,,,,,,,21,,,,,,,,,,,,,-1,,,,,
,,,,,,,,,,-1,,,,,,,,,,,,,33,,,,,
,,,,,,,,,,-1,,,,,,,,,,,,,39,,,,,
,,,,,,,,,,1,,,,,,,,,,,,,-1,,,,,
,,,,,,,,,,5,,,,,,,,,,,,,57,,,,,
,,,,,,,,,,75,,,,,,,,,,,,,1,,,,,
,,,,,,,,,,8,,,,,,,,,,,,,341,,,,,
,,,,,,,,,,6,,,,,,,,,,,,,235,,,,,
,,,,,,,,,,12,,,,,,,,,,,,,19,,,,,
,,,,,,,,,,-1,,,,,,,,,,,,,29,,,,,
,,,,,,,,,,40,,,,,,,,,,,,,-1,,,,,
,,,,,,,,,,9,,,,,,,,,,,,,46,,,,,
,,,,,,,,,,-1,,,,,,,,,,,,,-1,,,,,
,,,,,,,,,,-1,,,,,,,,,,,,,-1,,,,,
,,,,,,,,,,35,,,,,,,,,,,,,-1,,,,,
,,,,,,,,,,13,,,,,,,,,,,,,79,,,,,
,,,,,,,,,,66,,,,,,,,,,,,,1001,,,,,
,,,,,,,,,,29,,,,,,,,,,,,,138,,,,,
,,,,,,,,,,22,,,,,,,,,,,,,7,,,,,
,,,,,,,,,,121,,,,,,,,,,,,,-1,,,,,
,,,,,,,,,,-1,,,,,,,,,,,,,13,,,,,
,,,,,,,,,,47,,,,,,,,,,,,,8,,,,,
,,,,,,,,,,33,,,,,,,,,,,,,93,,,,,
,,,,,,,,,,3,,,,,,,,,,,,,9,,,,,
,,,,,,,,,,-1,,,,,,,,,,,,,-1,,,,,
,,,,,,,,,,29,,,,,,,,,,,,,-1,,,,,
,,,,,,,,,,0,,,,,,,,,,,,,75,,,,,
,,,,,,,,,,0,,,,,,,,,,,,,0,,,,,
,,,,,,,,,,0,,,,,,,,,,,,,-1,,,,,
,,,,,,,,,,1,,,,,,,,,,,,,0,,,,,
,,,,,,,,,,0,,,,,,,,,,,,,-1,,,,,
,,,,,,,,,,26,,,,,,,,,,,,,-1,,,,,
,,,,,,,,,,9,,,,,,,,,,,,,36,,,,,
,,,,,,,,,,163,,,,,,,,,,,,,29,,,,,
,,,,,,,,,,132,,,,,,,,,,,,,34,,,,,
,,,,,,,,,,17,,,,,,,,,,,,,332,,,,,
,,,,,,,,,,-1,,,,,,,,,,,,,-1,,,,,
,,,,,,,,,,21,,,,,,,,,,,,,-1,,,,,
,,,,,,,,,,0,,,,,,,,,,,,,28,,,,,
,,,,,,,,,,139,,,,,,,,,,,,,25,,,,,
,,,,,,,,,,16,,,,,,,,,,,,,328,,,,,
,,,,,,,,,,55,,,,,,,,,,,,,301,,,,,
,,,,,,,,,,699,,,,,,,,,,,,,-1,,,,,
,,,,,,,,,,1,,,,,,,,,,,,,1,,,,,
,,,,,,,,,,413,,,,,,,,,,,,,9,,,,,
,,,,,,,,,,72,,,,,,,,,,,,,223,,,,,
,,,,,,,,,,86,,,,,,,,,,,,,39,,,,,
,,,,,,,,,,11,,,,,,,,,,,,,-1,,,,,
,,,,,,,,,,299,,,,,,,,,,,,,36,,,,,
,,,,,,,,,,193,,,,,,,,,,,,,66,,,,,
,,,,,,,,,,5,,,,,,,,,,,,,394,,,,,
,,,,,,,,,,13,,,,,,,,,,,,,105,,,,,
,,,,,,,,,,20,,,,,,,,,,,,,162,,,,,
,,,,,,,,,,20,,,,,,,,,,,,,-1,,,,,
,,,,,,,,,,281,,,,,,,,,,,,,34,,,,,
,,,,,,,,,,6,,,,,,,,,,,,,12,,,,,
,,,,,,,,,,25,,,,,,,,,,,,,11,,,,,
,,,,,,,,,,-1,,,,,,,,,,,,,41,,,,,
,,,,,,,,,,20,,,,,,,,,,,,,6,,,,,
,,,,,,,,,,396,,,,,,,,,,,,,3,,,,,
,,,,,,,,,,-1,,,,,,,,,,,,,11,,,,,
,,,,,,,,,,-1,,,,,,,,,,,,,278,,,,,
,,,,,,,,,,-1,,,,,,,,,,,,,0,,,,,
,,,,,,,,,,789,,,,,,,,,,,,,1,,,,,
,,,,,,,,,,31,,,,,,,,,,,,,1,,,,,
,,,,,,,,,,28,,,,,,,,,,,,,13,,,,,
,,,,,,,,,,15,,,,,,,,,,,,,-1,,,,,
,,,,,,,,,,12,,,,,,,,,,,,,-1,,,,,
,,,,,,,,,,7,,,,,,,,,,,,,25,,,,,
,,,,,,,,,,7,,,,,,,,,,,,,-1,,,,,
,,,,,,,,,,25,,,,,,,,,,,,,5,,,,,
,,,,,,,,,,46,,,,,,,,,,,,,-1,,,,,
,,,,,,,,,,0,,,,,,,,,,,,,327,,,,,
,,,,,,,,,,1129,,,,,,,,,,,,,16,,,,,
,,,,,,,,,,13,,,,,,,,,,,,,501,,,,,
,,,,,,,,,,-1,,,,,,,,,,,,,0,,,,,
,,,,,,,,,,24,,,,,,,,,,,,,9,,,,,
,,,,,,,,,,-1,,,,,,,,,,,,,355,,,,,
,,,,,,,,,,245,,,,,,,,,,,,,-1,,,,,
,,,,,,,,,,-1,,,,,,,,,,,,,7,,,,,
,,,,,,,,,,-1,,,,,,,,,,,,,0,,,,,
,,,,,,,,,,43,,,,,,,,,,,,,28,,,,,
,,,,,,,,,,17,,,,,,,,,,,,,44,,,,,
,,,,,,,,,,30,,,,,,,,,,,,,45,,,,,
,,,,,,,,,,58,,,,,,,,,,,,,16,,,,,
,,,,,,,,,,17,,,,,,,,,,,,,-1,,,,,
,,,,,,,,,,-1,,,,,,,,,,,,,4,,,,,
,,,,,,,,,,50,,,,,,,,,,,,,138,,,,,
,,,,,,,,,,-1,,,,,,,,,,,,,-1,,,,,
,,,,,,,,,,62,,,,,,,,,,,,,-1,,,,,
,,,,,,,,,,11,,,,,,,,,,,,,16,,,,,
,,,,,,,,,,-1,,,,,,,,,,,,,17,,,,,
,,,,,,,,,,17,,,,,,,,,,,,,-1,,,,,
,,,,,,,,,,30,,,,,,,,,,,,,65,,,,,
,,,,,,,,,,32,,,,,,,,,,,,,6,,,,,
,,,,,,,,,,40,,,,,,,,,,,,,222,,,,,
,,,,,,,,,,92,,,,,,,,,,,,,994,,,,,
,,,,,,,,,,0,,,,,,,,,,,,,69,,,,,
,,,,,,,,,,36,,,,,,,,,,,,,530,,,,,
,,,,,,,,,,-1,,,,,,,,,,,,,-1,,,,,
,,,,,,,,,,9,,,,,,,,,,,,,-1,,,,,
,,,,,,,,,,-1,,,,,,,,,,,,,-1,,,,,
,,,,,,,,,,4,,,,,,,,,,,,,24,,,,,
,,,,,,,,,,0,,,,,,,,,,,,,34,,,,,
,,,,,,,,,,7,,,,,,,,,,,,,73,,,,,
,,,,,,,,,,3,,,,,,,,,,,,,-1,,,,,
,,,,,,,,,,1,,,,,,,,,,,,,-1,,,,,
,,,,,,,,,,88,,,,,,,,,,,,,-1,,,,,
,,,,,,,,,,-1,,,,,,,,,,,,,-1,,,,,
,,,,,,,,,,-1,,,,,,,,,,,,,-1,,,,,
,,,,,,,,,,-1,,,,,,,,,,,,,-1,,,,,
,,,,,,,,,,-1,,,,,,,,,,,,,-1,,,,,
,,,,,,,,,,2,,,,,,,,,,,,,513,,,,,
,,,,,,,,,,-1,,,,,,,,,,,,,35,,,,,
,,,,,,,,,,4,,,,,,,,,,,,,-1,,,,,
,,,,,,,,,,12,,,,,,,,,,,,,-1,,,,,
,,,,,,,,,,78,,,,,,,,,,,,,-1,,,,,
,,,,,,,,,,-1,,,,,,,,,,,,,-1,,,,,
,,,,,,,,,,-1,,,,,,,,,,,,,-1,,,,,
,,,,,,,,,,9,,,,,,,,,,,,,27,,,,,
,,,,,,,,,,-1,,,,,,,,,,,,,14,,,,,
,,,,,,,,,,48,,,,,,,,,,,,,9,,,,,
,,,,,,,,,,-1,,,,,,,,,,,,,-1,,,,,
,,,,,,,,,,28,,,,,,,,,,,,,28,,,,,
,,,,,,,,,,7,,,,,,,,,,,,,-1,,,,,
,,,,,,,,,,7,,,,,,,,,,,,,161,,,,,
,,,,,,,,,,126,,,,,,,,,,,,,-1,,,,,
,,,,,,,,,,216,,,,,,,,,,,,,62,,,,,
,,,,,,,,,,-1,,,,,,,,,,,,,-1,,,,,
,,,,,,,,,,-1,,,,,,,,,,,,,-1,,,,,
,,,,,,,,,,-1,,,,,,,,,,,,,9,,,,,
,,,,,,,,,,172,,,,,,,,,,,,,63,,,,,
,,,,,,,,,,-1,,,,,,,,,,,,,13,,,,,
,,,,,,,,,,-1,,,,,,,,,,,,,17,,,,,
,,,,,,,,,,-1,,,,,,,,,,,,,-1,,,,,
,,,,,,,,,,-1,,,,,,,,,,,,,0,,,,,
,,,,,,,,,,1,,,,,,,,,,,,,14,,,,,
,,,,,,,,,,2,,,,,,,,,,,,,0,,,,,
,,,,,,,,,,-1,,,,,,,,,,,,,4,,,,,
,,,,,,,,,,24,,,,,,,,,,,,,6,,,,,
,,,,,,,,,,-1,,,,,,,,,,,,,16,,,,,
,,,,,,,,,,20,,,,,,,,,,,,,24,,,,,
,,,,,,,,,,24,,,,,,,,,,,,,16,,,,,
,,,,,,,,,,-1,,,,,,,,,,,,,3,,,,,
,,,,,,,,,,14,,,,,,,,,,,,,40,,,,,
,,,,,,,,,,337,,,,,,,,,,,,,48,,,,,
,,,,,,,,,,-1,,,,,,,,,,,,,28,,,,,
,,,,,,,,,,-1,,,,,,,,,,,,,3,,,,,
,,,,,,,,,,0,,,,,,,,,,,,,47,,,,,
,,,,,,,,,,0,,,,,,,,,,,,,41,,,,,
,,,,,,,,,,0,,,,,,,,,,,,,22,,,,,
,,,,,,,,,,22,,,,,,,,,,,,,545,,,,,
,,,,,,,,,,67,,,,,,,,,,,,,-1,,,,,
,,,,,,,,,,-1,,,,,,,,,,,,,5,,,,,
,,,,,,,,,,-1,,,,,,,,,,,,,101,,,,,
,,,,,,,,,,11,,,,,,,,,,,,,350,,,,,
,,,,,,,,,,72,,,,,,,,,,,,,49,,,,,
,,,,,,,,,,114,,,,,,,,,,,,,-1,,,,,
,,,,,,,,,,46,,,,,,,,,,,,,-1,,,,,
,,,,,,,,,,227,,,,,,,,,,,,,-1,,,,,
,,,,,,,,,,24,,,,,,,,,,,,,-1,,,,,
,,,,,,,,,,0,,,,,,,,,,,,,-1,,,,,
,,,,,,,,,,14,,,,,,,,,,,,,592,,,,,
,,,,,,,,,,40,,,,,,,,,,,,,27,,,,,
,,,,,,,,,,340,,,,,,,,,,,,,33,,,,,
,,,,,,,,,,54,,,,,,,,,,,,,58,,,,,
,,,,,,,,,,6,,,,,,,,,,,,,110,,,,,
,,,,,,,,,,2,,,,,,,,,,,,,1,,,,,
,,,,,,,,,,157,,,,,,,,,,,,,-1,,,,,
,,,,,,,,,,9,,,,,,,,,,,,,145,,,,,
,,,,,,,,,,26,,,,,,,,,,,,,7,,,,,
,,,,,,,,,,5,,,,,,,,,,,,,39,,,,,
,,,,,,,,,,6,,,,,,,,,,,,,0,,,,,
,,,,,,,,,,-1,,,,,,,,,,,,,-1,,,,,
,,,,,,,,,,30,,,,,,,,,,,,,-1,,,,,
,,,,,,,,,,28,,,,,,,,,,,,,158,,,,,
,,,,,,,,,,0,,,,,,,,,,,,,208,,,,,
,,,,,,,,,,654,,,,,,,,,,,,,148,,,,,
,,,,,,,,,,4,,,,,,,,,,,,,25,,,,,
,,,,,,,,,,19,,,,,,,,,,,,,-1,,,,,
,,,,,,,,,,23,,,,,,,,,,,,,-1,,,,,
,,,,,,,,,,2,,,,,,,,,,,,,14,,,,,
,,,,,,,,,,-1,,,,,,,,,,,,,3,,,,,
,,,,,,,,,,8,,,,,,,,,,,,,-1,,,,,
,,,,,,,,,,28,,,,,,,,,,,,,-1,,,,,
,,,,,,,,,,14,,,,,,,,,,,,,-1,,,,,
,,,,,,,,,,13,,,,,,,,,,,,,-1,,,,,
,,,,,,,,,,43,,,,,,,,,,,,,6,,,,,
,,,,,,,,,,10,,,,,,,,,,,,,-1,,,,,
,,,,,,,,,,62,,,,,,,,,,,,,-1,,,,,
,,,,,,,,,,406,,,,,,,,,,,,,17,,,,,
,,,,,,,,,,479,,,,,,,,,,,,,6,,,,,
,,,,,,,,,,94,,,,,,,,,,,,,5,,,,,
,,,,,,,,,,423,,,,,,,,,,,,,0,,,,,
,,,,,,,,,,-1,,,,,,,,,,,,,477,,,,,
,,,,,,,,,,-1,,,,,,,,,,,,,-1,,,,,
,,,,,,,,,,32,,,,,,,,,,,,,-1,,,,,
,,,,,,,,,,-1,,,,,,,,,,,,,2,,,,,
,,,,,,,,,,-1,,,,,,,,,,,,,-1,,,,,
,,,,,,,,,,377,,,,,,,,,,,,,1,,,,,
,,,,,,,,,,0,,,,,,,,,,,,,0,,,,,
,,,,,,,,,,9,,,,,,,,,,,,,407,,,,,
,,,,,,,,,,32,,,,,,,,,,,,,-1,,,,,
,,,,,,,,,,959,,,,,,,,,,,,,-1,,,,,
,,,,,,,,,,15,,,,,,,,,,,,,5,,,,,
,,,,,,,,,,-1,,,,,,,,,,,,,347,,,,,
,,,,,,,,,,0,,,,,,,,,,,,,43,,,,,
,,,,,,,,,,18,,,,,,,,,,,,,26,,,,,
,,,,,,,,,,77,,,,,,,,,,,,,324,,,,,
,,,,,,,,,,4,,,,,,,,,,,,,-1,,,,,
,,,,,,,,,,178,,,,,,,,,,,,,111,,,,,
,,,,,,,,,,9,,,,,,,,,,,,,24,,,,,
,,,,,,,,,,0,,,,,,,,,,,,,-1,,,,,
,,,,,,,,,,-1,,,,,,,,,,,,,10,,,,,
,,,,,,,,,,-1,,,,,,,,,,,,,740,,,,,
,,,,,,,,,,0,,,,,,,,,,,,,0,,,,,
,,,,,,,,,,22,,,,,,,,,,,,,265,,,,,
,,,,,,,,,,14,,,,,,,,,,,,,7,,,,,
,,,,,,,,,,14,,,,,,,,,,,,,-1,,,,,
,,,,,,,,,,442,,,,,,,,,,,,,-1,,,,,
,,,,,,,,,,-1,,,,,,,,,,,,,-1,,,,,
,,,,,,,,,,1,,,,,,,,,,,,,-1,,,,,
,,,,,,,,,,31,,,,,,,,,,,,,263,,,,,
,,,,,,,,,,13,,,,,,,,,,,,,21,,,,,
,,,,,,,,,,-1,,,,,,,,,,,,,-1,,,,,
,,,,,,,,,,0,,,,,,,,,,,,,55,,,,,
,,,,,,,,,,37,,,,,,,,,,,,,33,,,,,
,,,,,,,,,,4,,,,,,,,,,,,,1,,,,,
,,,,,,,,,,11,,,,,,,,,,,,,49,,,,,
,,,,,,,,,,2,,,,,,,,,,,,,69,,,,,
,,,,,,,,,,22,,,,,,,,,,,,,22,,,,,
,,,,,,,,,,-1,,,,,,,,,,,,,25,,,,,
,,,,,,,,,,-1,,,,,,,,,,,,,30,,,,,
,,,,,,,,,,2,,,,,,,,,,,,,20,,,,,
,,,,,,,,,,1,,,,,,,,,,,,,166,,,,,
,,,,,,,,,,3,,,,,,,,,,,,,-1,,,,,
,,,,,,,,,,3,,,,,,,,,,,,,260,,,,,
,,,,,,,,,,69,,,,,,,,,,,,,378,,,,,
,,,,,,,,,,32,,,,,,,,,,,,,0,,,,,
,,,,,,,,,,-1,,,,,,,,,,,,,567,,,,,
,,,,,,,,,,14,,,,,,,,,,,,,-1,,,,,
,,,,,,,,,,45,,,,,,,,,,,,,308,,,,,
,,,,,,,,,,34,,,,,,,,,,,,,-1,,,,,
,,,,,,,,,,66,,,,,,,,,,,,,-1,,,,,
,,,,,,,,,,-1,,,,,,,,,,,,,-1,,,,,
,,,,,,,,,,32,,,,,,,,,,,,,-1,,,,,
,,,,,,,,,,-1,,,,,,,,,,,,,4,,,,,
,,,,,,,,,,1,,,,,,,,,,,,,40,,,,,
,,,,,,,,,,12,,,,,,,,,,,,,53,,,,,
,,,,,,,,,,-1,,,,,,,,,,,,,-1,,,,,
,,,,,,,,,,0,,,,,,,,,,,,,-1,,,,,
,,,,,,,,,,0,,,,,,,,,,,,,46,,,,,
,,,,,,,,,,34,,,,,,,,,,,,,0,,,,,
,,,,,,,,,,14,,,,,,,,,,,,,21,,,,,
,,,,,,,,,,20,,,,,,,,,,,,,-1,,,,,
,,,,,,,,,,-1,,,,,,,,,,,,,6,,,,,
,,,,,,,,,,73,,,,,,,,,,,,,43,,,,,
,,,,,,,,,,32,,,,,,,,,,,,,29,,,,,
,,,,,,,,,,29,,,,,,,,,,,,,22,,,,,
,,,,,,,,,,-1,,,,,,,,,,,,,13,,,,,
,,,,,,,,,,5,,,,,,,,,,,,,11,,,,,
,,,,,,,,,,82,,,,,,,,,,,,,23,,,,,
,,,,,,,,,,30,,,,,,,,,,,,,196,,,,,
,,,,,,,,,,32,,,,,,,,,,,,,-1,,,,,
,,,,,,,,,,29,,,,,,,,,,,,,24,,,,,
,,,,,,,,,,129,,,,,,,,,,,,,-1,,,,,
,,,,,,,,,,-1,,,,,,,,,,,,,-1,,,,,
,,,,,,,,,,-1,,,,,,,,,,,,,-1,,,,,
,,,,,,,,,,16,,,,,,,,,,,,,-1,,,,,
,,,,,,,,,,60,,,,,,,,,,,,,40,,,,,
,,,,,,,,,,37,,,,,,,,,,,,,103,,,,,
,,,,,,,,,,42,,,,,,,,,,,,,33,,,,,
,,,,,,,,,,23,,,,,,,,,,,,,11,,,,,
,,,,,,,,,,13,,,,,,,,,,,,,-1,,,,,
,,,,,,,,,,-1,,,,,,,,,,,,,13,,,,,
,,,,,,,,,,-1,,,,,,,,,,,,,25,,,,,
,,,,,,,,,,24,,,,,,,,,,,,,-1,,,,,
,,,,,,,,,,36,,,,,,,,,,,,,742,,,,,
,,,,,,,,,,25,,,,,,,,,,,,,149,,,,,
,,,,,,,,,,2,,,,,,,,,,,,,97,,,,,
,,,,,,,,,,-1,,,,,,,,,,,,,20,,,,,
,,,,,,,,,,16,,,,,,,,,,,,,52,,,,,
,,,,,,,,,,-1,,,,,,,,,,,,,142,,,,,
,,,,,,,,,,10,,,,,,,,,,,,,10,,,,,
,,,,,,,,,,148,,,,,,,,,,,,,41,,,,,
,,,,,,,,,,47,,,,,,,,,,,,,19,,,,,
,,,,,,,,,,53,,,,,,,,,,,,,33,,,,,
,,,,,,,,,,0,,,,,,,,,,,,,-1,,,,,
,,,,,,,,,,44,,,,,,,,,,,,,71,,,,,
,,,,,,,,,,-1,,,,,,,,,,,,,-1,,,,,
,,,,,,,,,,20,,,,,,,,,,,,,-1,,,,,
,,,,,,,,,,1,,,,,,,,,,,,,-1,,,,,
,,,,,,,,,,6,,,,,,,,,,,,,472,,,,,
,,,,,,,,,,0,,,,,,,,,,,,,-1,,,,,
,,,,,,,,,,9,,,,,,,,,,,,,-1,,,,,
,,,,,,,,,,-1,,,,,,,,,,,,,-1,,,,,
,,,,,,,,,,-1,,,,,,,,,,,,,-1,,,,,
,,,,,,,,,,-1,,,,,,,,,,,,,-1,,,,,
,,,,,,,,,,16,,,,,,,,,,,,,1,,,,,
,,,,,,,,,,-1,,,,,,,,,,,,,-1,,,,,
,,,,,,,,,,-1,,,,,,,,,,,,,-1,,,,,
,,,,,,,,,,-1,,,,,,,,,,,,,2,,,,,
,,,,,,,,,,-1,,,,,,,,,,,,,58,,,,,
,,,,,,,,,,-1,,,,,,,,,,,,,0,,,,,
,,,,,,,,,,-1,,,,,,,,,,,,,-1,,,,,
,,,,,,,,,,-1,,,,,,,,,,,,,-1,,,,,
,,,,,,,,,,-1,,,,,,,,,,,,,-1,,,,,
,,,,,,,,,,-1,,,,,,,,,,,,,392,,,,,
,,,,,,,,,,-1,,,,,,,,,,,,,2,,,,,
,,,,,,,,,,86,,,,,,,,,,,,,-1,,,,,
,,,,,,,,,,128,,,,,,,,,,,,,-1,,,,,
,,,,,,,,,,-1,,,,,,,,,,,,,7,,,,,
,,,,,,,,,,71,,,,,,,,,,,,,11,,,,,
,,,,,,,,,,68,,,,,,,,,,,,,5,,,,,
,,,,,,,,,,-1,,,,,,,,,,,,,136,,,,,
,,,,,,,,,,8,,,,,,,,,,,,,17,,,,,
,,,,,,,,,,29,,,,,,,,,,,,,-1,,,,,
,,,,,,,,,,134,,,,,,,,,,,,,60,,,,,
,,,,,,,,,,89,,,,,,,,,,,,,85,,,,,
,,,,,,,,,,12,,,,,,,,,,,,,0,,,,,
,,,,,,,,,,4,,,,,,,,,,,,,0,,,,,
,,,,,,,,,,-1,,,,,,,,,,,,,34,,,,,
,,,,,,,,,,49,,,,,,,,,,,,,-1,,,,,
,,,,,,,,,,27,,,,,,,,,,,,,8,,,,,
,,,,,,,,,,0,,,,,,,,,,,,,-1,,,,,
,,,,,,,,,,413,,,,,,,,,,,,,0,,,,,
,,,,,,,,,,0,,,,,,,,,,,,,-1,,,,,
,,,,,,,,,,627,,,,,,,,,,,,,-1,,,,,
,,,,,,,,,,23,,,,,,,,,,,,,-1,,,,,
,,,,,,,,,,0,,,,,,,,,,,,,515,,,,,
,,,,,,,,,,-1,,,,,,,,,,,,,383,,,,,
,,,,,,,,,,8,,,,,,,,,,,,,66,,,,,
,,,,,,,,,,125,,,,,,,,,,,,,-1,,,,,
,,,,,,,,,,40,,,,,,,,,,,,,62,,,,,
,,,,,,,,,,361,,,,,,,,,,,,,13,,,,,
,,,,,,,,,,11,,,,,,,,,,,,,45,,,,,
,,,,,,,,,,46,,,,,,,,,,,,,331,,,,,
,,,,,,,,,,92,,,,,,,,,,,,,-1,,,,,
,,,,,,,,,,103,,,,,,,,,,,,,143,,,,,
,,,,,,,,,,-1,,,,,,,,,,,,,-1,,,,,
,,,,,,,,,,-1,,,,,,,,,,,,,32,,,,,
,,,,,,,,,,-1,,,,,,,,,,,,,0,,,,,
,,,,,,,,,,87,,,,,,,,,,,,,-1,,,,,
,,,,,,,,,,-1,,,,,,,,,,,,,80,,,,,
,,,,,,,,,,72,,,,,,,,,,,,,1,,,,,
,,,,,,,,,,100,,,,,,,,,,,,,-1,,,,,
,,,,,,,,,,271,,,,,,,,,,,,,8,,,,,
,,,,,,,,,,212,,,,,,,,,,,,,454,,,,,
,,,,,,,,,,0,,,,,,,,,,,,,1,,,,,
,,,,,,,,,,8,,,,,,,,,,,,,0,,,,,
,,,,,,,,,,0,,,,,,,,,,,,,-1,,,,,
,,,,,,,,,,0,,,,,,,,,,,,,477,,,,,
,,,,,,,,,,0,,,,,,,,,,,,,2,,,,,
,,,,,,,,,,0,,,,,,,,,,,,,0,,,,,
,,,,,,,,,,0,,,,,,,,,,,,,-1,,,,,
,,,,,,,,,,665,,,,,,,,,,,,,-1,,,,,
,,,,,,,,,,1,,,,,,,,,,,,,47,,,,,
,,,,,,,,,,0,,,,,,,,,,,,,21,,,,,
,,,,,,,,,,-1,,,,,,,,,,,,,10,,,,,
,,,,,,,,,,-1,,,,,,,,,,,,,-1,,,,,
,,,,,,,,,,54,,,,,,,,,,,,,-1,,,,,
,,,,,,,,,,18,,,,,,,,,,,,,8,,,,,
,,,,,,,,,,5,,,,,,,,,,,,,64,,,,,
,,,,,,,,,,0,,,,,,,,,,,,,41,,,,,
,,,,,,,,,,0,,,,,,,,,,,,,3,,,,,
,,,,,,,,,,-1,,,,,,,,,,,,,141,,,,,
,,,,,,,,,,0,,,,,,,,,,,,,38,,,,,
,,,,,,,,,,25,,,,,,,,,,,,,245,,,,,
,,,,,,,,,,14,,,,,,,,,,,,,-1,,,,,
,,,,,,,,,,59,,,,,,,,,,,,,-1,,,,,
,,,,,,,,,,13,,,,,,,,,,,,,-1,,,,,
,,,,,,,,,,26,,,,,,,,,,,,,12,,,,,
,,,,,,,,,,21,,,,,,,,,,,,,6,,,,,
,,,,,,,,,,73,,,,,,,,,,,,,-1,,,,,
,,,,,,,,,,173,,,,,,,,,,,,,40,,,,,
,,,,,,,,,,48,,,,,,,,,,,,,31,,,,,
,,,,,,,,,,-1,,,,,,,,,,,,,26,,,,,
,,,,,,,,,,1,,,,,,,,,,,,,55,,,,,
,,,,,,,,,,-1,,,,,,,,,,,,,32,,,,,
,,,,,,,,,,4,,,,,,,,,,,,,28,,,,,
,,,,,,,,,,7,,,,,,,,,,,,,54,,,,,
,,,,,,,,,,0,,,,,,,,,,,,,-1,,,,,
,,,,,,,,,,-1,,,,,,,,,,,,,26,,,,,
,,,,,,,,,,-1,,,,,,,,,,,,,4,,,,,
,,,,,,,,,,3,,,,,,,,,,,,,7,,,,,
,,,,,,,,,,-1,,,,,,,,,,,,,0,,,,,
,,,,,,,,,,-1,,,,,,,,,,,,,-1,,,,,
,,,,,,,,,,11,,,,,,,,,,,,,-1,,,,,
,,,,,,,,,,21,,,,,,,,,,,,,15,,,,,
,,,,,,,,,,1,,,,,,,,,,,,,87,,,,,
,,,,,,,,,,-1,,,,,,,,,,,,,8,,,,,
,,,,,,,,,,-1,,,,,,,,,,,,,202,,,,,
,,,,,,,,,,20,,,,,,,,,,,,,8,,,,,
,,,,,,,,,,69,,,,,,,,,,,,,24,,,,,
,,,,,,,,,,-1,,,,,,,,,,,,,0,,,,,
,,,,,,,,,,55,,,,,,,,,,,,,-1,,,,,
,,,,,,,,,,111,,,,,,,,,,,,,283,,,,,
,,,,,,,,,,123,,,,,,,,,,,,,-1,,,,,
,,,,,,,,,,51,,,,,,,,,,,,,942,,,,,
,,,,,,,,,,-1,,,,,,,,,,,,,-1,,,,,
,,,,,,,,,,16,,,,,,,,,,,,,-1,,,,,
,,,,,,,,,,-1,,,,,,,,,,,,,-1,,,,,
,,,,,,,,,,24,,,,,,,,,,,,,947,,,,,
,,,,,,,,,,-1,,,,,,,,,,,,,1001,,,,,
,,,,,,,,,,-1,,,,,,,,,,,,,13,,,,,
,,,,,,,,,,-1,,,,,,,,,,,,,0,,,,,
,,,,,,,,,,1,,,,,,,,,,,,,0,,,,,
,,,,,,,,,,7,,,,,,,,,,,,,-1,,,,,
,,,,,,,,,,-1,,,,,,,,,,,,,123,,,,,
,,,,,,,,,,62,,,,,,,,,,,,,6,,,,,
,,,,,,,,,,13,,,,,,,,,,,,,-1,,,,,
,,,,,,,,,,5,,,,,,,,,,,,,156,,,,,
,,,,,,,,,,34,,,,,,,,,,,,,99,,,,,
,,,,,,,,,,-1,,,,,,,,,,,,,-1,,,,,
,,,,,,,,,,36,,,,,,,,,,,,,9,,,,,
,,,,,,,,,,317,,,,,,,,,,,,,-1,,,,,
,,,,,,,,,,78,,,,,,,,,,,,,26,,,,,
,,,,,,,,,,53,,,,,,,,,,,,,30,,,,,
,,,,,,,,,,10,,,,,,,,,,,,,-1,,,,,
,,,,,,,,,,15,,,,,,,,,,,,,23,,,,,
,,,,,,,,,,36,,,,,,,,,,,,,51,,,,,
,,,,,,,,,,10,,,,,,,,,,,,,207,,,,,
,,,,,,,,,,75,,,,,,,,,,,,,16,,,,,
,,,,,,,,,,148,,,,,,,,,,,,,67,,,,,
,,,,,,,,,,-1,,,,,,,,,,,,,22,,,,,
,,,,,,,,,,28,,,,,,,,,,,,,88,,,,,
,,,,,,,,,,0,,,,,,,,,,,,,3,,,,,
,,,,,,,,,,76,,,,,,,,,,,,,0,,,,,
,,,,,,,,,,14,,,,,,,,,,,,,0,,,,,
,,,,,,,,,,14,,,,,,,,,,,,,0,,,,,
,,,,,,,,,,12,,,,,,,,,,,,,0,,,,,
,,,,,,,,,,108,,,,,,,,,,,,,30,,,,,
,,,,,,,,,,12,,,,,,,,,,,,,0,,,,,
,,,,,,,,,,46,,,,,,,,,,,,,25,,,,,
,,,,,,,,,,37,,,,,,,,,,,,,0,,,,,
,,,,,,,,,,11,,,,,,,,,,,,,0,,,,,
,,,,,,,,,,23,,,,,,,,,,,,,0,,,,,
,,,,,,,,,,6,,,,,,,,,,,,,5,,,,,
,,,,,,,,,,103,,,,,,,,,,,,,0,,,,,
,,,,,,,,,,117,,,,,,,,,,,,,32,,,,,
,,,,,,,,,,1,,,,,,,,,,,,,1,,,,,
,,,,,,,,,,14,,,,,,,,,,,,,4,,,,,
,,,,,,,,,,0,,,,,,,,,,,,,-1,,,,,
,,,,,,,,,,13,,,,,,,,,,,,,-1,,,,,
,,,,,,,,,,7,,,,,,,,,,,,,-1,,,,,
,,,,,,,,,,-1,,,,,,,,,,,,,20,,,,,
,,,,,,,,,,25,,,,,,,,,,,,,12,,,,,
,,,,,,,,,,52,,,,,,,,,,,,,18,,,,,
,,,,,,,,,,-1,,,,,,,,,,,,,-1,,,,,
,,,,,,,,,,-1,,,,,,,,,,,,,12,,,,,
,,,,,,,,,,665,,,,,,,,,,,,,-1,,,,,
,,,,,,,,,,-1,,,,,,,,,,,,,-1,,,,,
,,,,,,,,,,275,,,,,,,,,,,,,-1,,,,,
,,,,,,,,,,15,,,,,,,,,,,,,-1,,,,,
,,,,,,,,,,27,,,,,,,,,,,,,34,,,,,
,,,,,,,,,,17,,,,,,,,,,,,,-1,,,,,
,,,,,,,,,,-1,,,,,,,,,,,,,0,,,,,
,,,,,,,,,,27,,,,,,,,,,,,,-1,,,,,
,,,,,,,,,,-1,,,,,,,,,,,,,6,,,,,
,,,,,,,,,,-1,,,,,,,,,,,,,26,,,,,
,,,,,,,,,,15,,,,,,,,,,,,,0,,,,,
,,,,,,,,,,2,,,,,,,,,,,,,40,,,,,
,,,,,,,,,,69,,,,,,,,,,,,,21,,,,,
,,,,,,,,,,66,,,,,,,,,,,,,-1,,,,,
,,,,,,,,,,11,,,,,,,,,,,,,262,,,,,
,,,,,,,,,,-1,,,,,,,,,,,,,24,,,,,
,,,,,,,,,,14,,,,,,,,,,,,,866,,,,,
,,,,,,,,,,2,,,,,,,,,,,,,0,,,,,
,,,,,,,,,,-1,,,,,,,,,,,,,28,,,,,
,,,,,,,,,,38,,,,,,,,,,,,,-1,,,,,
,,,,,,,,,,107,,,,,,,,,,,,,209,,,,,
,,,,,,,,,,19,,,,,,,,,,,,,1,,,,,
,,,,,,,,,,26,,,,,,,,,,,,,0,,,,,
,,,,,,,,,,126,,,,,,,,,,,,,4,,,,,
,,,,,,,,,,-1,,,,,,,,,,,,,-1,,,,,
,,,,,,,,,,617,,,,,,,,,,,,,13,,,,,
,,,,,,,,,,-1,,,,,,,,,,,,,-1,,,,,
,,,,,,,,,,-1,,,,,,,,,,,,,-1,,,,,
,,,,,,,,,,217,,,,,,,,,,,,,-1,,,,,
,,,,,,,,,,52,,,,,,,,,,,,,-1,,,,,
,,,,,,,,,,18,,,,,,,,,,,,,9,,,,,
,,,,,,,,,,310,,,,,,,,,,,,,36,,,,,
,,,,,,,,,,1081,,,,,,,,,,,,,115,,,,,
,,,,,,,,,,141,,,,,,,,,,,,,11,,,,,
,,,,,,,,,,17,,,,,,,,,,,,,-1,,,,,
,,,,,,,,,,87,,,,,,,,,,,,,-1,,,,,
,,,,,,,,,,12,,,,,,,,,,,,,230,,,,,
,,,,,,,,,,7,,,,,,,,,,,,,-1,,,,,
,,,,,,,,,,11,,,,,,,,,,,,,12,,,,,
,,,,,,,,,,11,,,,,,,,,,,,,14,,,,,
,,,,,,,,,,55,,,,,,,,,,,,,-1,,,,,
,,,,,,,,,,21,,,,,,,,,,,,,37,,,,,
,,,,,,,,,,8,,,,,,,,,,,,,-1,,,,,
,,,,,,,,,,163,,,,,,,,,,,,,-1,,,,,
,,,,,,,,,,19,,,,,,,,,,,,,-1,,,,,
,,,,,,,,,,15,,,,,,,,,,,,,430,,,,,
,,,,,,,,,,121,,,,,,,,,,,,,-1,,,,,
,,,,,,,,,,123,,,,,,,,,,,,,1,,,,,
,,,,,,,,,,70,,,,,,,,,,,,,-1,,,,,
,,,,,,,,,,4,,,,,,,,,,,,,-1,,,,,
,,,,,,,,,,234,,,,,,,,,,,,,180,,,,,
,,,,,,,,,,-1,,,,,,,,,,,,,28,,,,,
,,,,,,,,,,-1,,,,,,,,,,,,,40,,,,,
,,,,,,,,,,0,,,,,,,,,,,,,16,,,,,
,,,,,,,,,,111,,,,,,,,,,,,,-1,,,,,
,,,,,,,,,,33,,,,,,,,,,,,,163,,,,,
,,,,,,,,,,63,,,,,,,,,,,,,19,,,,,
,,,,,,,,,,90,,,,,,,,,,,,,-1,,,,,
,,,,,,,,,,-1,,,,,,,,,,,,,-1,,,,,
,,,,,,,,,,220,,,,,,,,,,,,,108,,,,,
,,,,,,,,,,14,,,,,,,,,,,,,807,,,,,
,,,,,,,,,,-1,,,,,,,,,,,,,-1,,,,,
,,,,,,,,,,0,,,,,,,,,,,,,1,,,,,
,,,,,,,,,,10,,,,,,,,,,,,,-1,,,,,
,,,,,,,,,,-1,,,,,,,,,,,,,-1,,,,,
,,,,,,,,,,4,,,,,,,,,,,,,-1,,,,,
,,,,,,,,,,0,,,,,,,,,,,,,-1,,,,,
,,,,,,,,,,1,,,,,,,,,,,,,19,,,,,
,,,,,,,,,,-1,,,,,,,,,,,,,4,,,,,
,,,,,,,,,,-1,,,,,,,,,,,,,9,,,,,
,,,,,,,,,,-1,,,,,,,,,,,,,4,,,,,
,,,,,,,,,,-1,,,,,,,,,,,,,-1,,,,,
,,,,,,,,,,0,,,,,,,,,,,,,14,,,,,
,,,,,,,,,,25,,,,,,,,,,,,,-1,,,,,
,,,,,,,,,,29,,,,,,,,,,,,,-1,,,,,
,,,,,,,,,,-1,,,,,,,,,,,,,158,,,,,
,,,,,,,,,,-1,,,,,,,,,,,,,7,,,,,
,,,,,,,,,,7,,,,,,,,,,,,,58,,,,,
,,,,,,,,,,2,,,,,,,,,,,,,7,,,,,
,,,,,,,,,,4,,,,,,,,,,,,,-1,,,,,
,,,,,,,,,,7,,,,,,,,,,,,,1,,,,,
,,,,,,,,,,15,,,,,,,,,,,,,0,,,,,
,,,,,,,,,,356,,,,,,,,,,,,,0,,,,,
,,,,,,,,,,8,,,,,,,,,,,,,0,,,,,
,,,,,,,,,,-1,,,,,,,,,,,,,6,,,,,
,,,,,,,,,,-1,,,,,,,,,,,,,-1,,,,,
,,,,,,,,,,12,,,,,,,,,,,,,-1,,,,,
,,,,,,,,,,-1,,,,,,,,,,,,,45,,,,,
,,,,,,,,,,115,,,,,,,,,,,,,3,,,,,
,,,,,,,,,,89,,,,,,,,,,,,,260,,,,,
,,,,,,,,,,80,,,,,,,,,,,,,-1,,,,,
,,,,,,,,,,-1,,,,,,,,,,,,,57,,,,,
,,,,,,,,,,-1,,,,,,,,,,,,,15,,,,,
,,,,,,,,,,-1,,,,,,,,,,,,,20,,,,,
,,,,,,,,,,68,,,,,,,,,,,,,170,,,,,
,,,,,,,,,,1,,,,,,,,,,,,,18,,,,,
,,,,,,,,,,250,,,,,,,,,,,,,-1,,,,,
,,,,,,,,,,149,,,,,,,,,,,,,125,,,,,
,,,,,,,,,,-1,,,,,,,,,,,,,462,,,,,
,,,,,,,,,,-1,,,,,,,,,,,,,17,,,,,
,,,,,,,,,,40,,,,,,,,,,,,,34,,,,,
,,,,,,,,,,30,,,,,,,,,,,,,70,,,,,
,,,,,,,,,,319,,,,,,,,,,,,,-1,,,,,
,,,,,,,,,,641,,,,,,,,,,,,,2,,,,,
,,,,,,,,,,-1,,,,,,,,,,,,,-1,,,,,
,,,,,,,,,,-1,,,,,,,,,,,,,22,,,,,
,,,,,,,,,,81,,,,,,,,,,,,,2,,,,,
,,,,,,,,,,107,,,,,,,,,,,,,80,,,,,
,,,,,,,,,,12,,,,,,,,,,,,,-1,,,,,
,,,,,,,,,,5,,,,,,,,,,,,,-1,,,,,
,,,,,,,,,,-1,,,,,,,,,,,,,7,,,,,
,,,,,,,,,,-1,,,,,,,,,,,,,52,,,,,
,,,,,,,,,,92,,,,,,,,,,,,,-1,,,,,
,,,,,,,,,,19,,,,,,,,,,,,,8,,,,,
,,,,,,,,,,0,,,,,,,,,,,,,57,,,,,
,,,,,,,,,,0,,,,,,,,,,,,,-1,,,,,
,,,,,,,,,,0,,,,,,,,,,,,,33,,,,,
,,,,,,,,,,18,,,,,,,,,,,,,72,,,,,
,,,,,,,,,,36,,,,,,,,,,,,,94,,,,,
,,,,,,,,,,49,,,,,,,,,,,,,9,,,,,
,,,,,,,,,,107,,,,,,,,,,,,,,,,,,
,,,,,,,,,,0,,,,,,,,,,,,,,,,,,
,,,,,,,,,,0,,,,,,,,,,,,,,,,,,
,,,,,,,,,,0,,,,,,,,,,,,,,,,,,
,,,,,,,,,,0,,,,,,,,,,,,,,,,,,
,,,,,,,,,,0,,,,,,,,,,,,,,,,,,
,,,,,,,,,,2,,,,,,,,,,,,,,,,,,
,,,,,,,,,,0,,,,,,,,,,,,,,,,,,
,,,,,,,,,,4,,,,,,,,,,,,,,,,,,
,,,,,,,,,,0,,,,,,,,,,,,,,,,,,
,,,,,,,,,,0,,,,,,,,,,,,,,,,,,
,,,,,,,,,,0,,,,,,,,,,,,,,,,,,
,,,,,,,,,,1,,,,,,,,,,,,,,,,,,
,,,,,,,,,,0,,,,,,,,,,,,,,,,,,
,,,,,,,,,,0,,,,,,,,,,,,,,,,,,
,,,,,,,,,,6,,,,,,,,,,,,,,,,,,
,,,,,,,,,,11,,,,,,,,,,,,,,,,,,
,,,,,,,,,,20,,,,,,,,,,,,,,,,,,
,,,,,,,,,,1,,,,,,,,,,,,,,,,,,
,,,,,,,,,,0,,,,,,,,,,,,,,,,,,
,,,,,,,,,,0,,,,,,,,,,,,,,,,,,
,,,,,,,,,,0,,,,,,,,,,,,,,,,,,
,,,,,,,,,,9,,,,,,,,,,,,,,,,,,
,,,,,,,,,,15,,,,,,,,,,,,,,,,,,
,,,,,,,,,,-1,,,,,,,,,,,,,,,,,,
,,,,,,,,,,73,,,,,,,,,,,,,,,,,,
,,,,,,,,,,-1,,,,,,,,,,,,,,,,,,
,,,,,,,,,,-1,,,,,,,,,,,,,,,,,,
,,,,,,,,,,2,,,,,,,,,,,,,,,,,,
,,,,,,,,,,35,,,,,,,,,,,,,,,,,,
,,,,,,,,,,-1,,,,,,,,,,,,,,,,,,
,,,,,,,,,,-1,,,,,,,,,,,,,,,,,,
,,,,,,,,,,-1,,,,,,,,,,,,,,,,,,
,,,,,,,,,,21,,,,,,,,,,,,,,,,,,
,,,,,,,,,,-1,,,,,,,,,,,,,,,,,,
,,,,,,,,,,34,,,,,,,,,,,,,,,,,,
,,,,,,,,,,9,,,,,,,,,,,,,,,,,,
,,,,,,,,,,-1,,,,,,,,,,,,,,,,,,
,,,,,,,,,,10,,,,,,,,,,,,,,,,,,
,,,,,,,,,,7,,,,,,,,,,,,,,,,,,
,,,,,,,,,,256,,,,,,,,,,,,,,,,,,
,,,,,,,,,,176,,,,,,,,,,,,,,,,,,
,,,,,,,,,,247,,,,,,,,,,,,,,,,,,
,,,,,,,,,,-1,,,,,,,,,,,,,,,,,,
,,,,,,,,,,9,,,,,,,,,,,,,,,,,,
,,,,,,,,,,76,,,,,,,,,,,,,,,,,,
,,,,,,,,,,-1,,,,,,,,,,,,,,,,,,
,,,,,,,,,,31,,,,,,,,,,,,,,,,,,
,,,,,,,,,,81,,,,,,,,,,,,,,,,,,
,,,,,,,,,,12,,,,,,,,,,,,,,,,,,
,,,,,,,,,,-1,,,,,,,,,,,,,,,,,,
,,,,,,,,,,69,,,,,,,,,,,,,,,,,,
,,,,,,,,,,-1,,,,,,,,,,,,,,,,,,
,,,,,,,,,,-1,,,,,,,,,,,,,,,,,,
,,,,,,,,,,-1,,,,,,,,,,,,,,,,,,
,,,,,,,,,,33,,,,,,,,,,,,,,,,,,
,,,,,,,,,,2,,,,,,,,,,,,,,,,,,
,,,,,,,,,,-1,,,,,,,,,,,,,,,,,,
,,,,,,,,,,-1,,,,,,,,,,,,,,,,,,
,,,,,,,,,,4,,,,,,,,,,,,,,,,,,
,,,,,,,,,,31,,,,,,,,,,,,,,,,,,
,,,,,,,,,,-1,,,,,,,,,,,,,,,,,,
,,,,,,,,,,205,,,,,,,,,,,,,,,,,,
,,,,,,,,,,-1,,,,,,,,,,,,,,,,,,
,,,,,,,,,,8,,,,,,,,,,,,,,,,,,
,,,,,,,,,,3,,,,,,,,,,,,,,,,,,
,,,,,,,,,,82,,,,,,,,,,,,,,,,,,
,,,,,,,,,,-1,,,,,,,,,,,,,,,,,,
,,,,,,,,,,-1,,,,,,,,,,,,,,,,,,
,,,,,,,,,,46,,,,,,,,,,,,,,,,,,
,,,,,,,,,,12,,,,,,,,,,,,,,,,,,
,,,,,,,,,,166,,,,,,,,,,,,,,,,,,
,,,,,,,,,,-1,,,,,,,,,,,,,,,,,,
,,,,,,,,,,-1,,,,,,,,,,,,,,,,,,
,,,,,,,,,,-1,,,,,,,,,,,,,,,,,,
,,,,,,,,,,-1,,,,,,,,,,,,,,,,,,
,,,,,,,,,,-1,,,,,,,,,,,,,,,,,,
,,,,,,,,,,-1,,,,,,,,,,,,,,,,,,
,,,,,,,,,,1,,,,,,,,,,,,,,,,,,
,,,,,,,,,,2,,,,,,,,,,,,,,,,,,
,,,,,,,,,,8,,,,,,,,,,,,,,,,,,
,,,,,,,,,,134,,,,,,,,,,,,,,,,,,
,,,,,,,,,,15,,,,,,,,,,,,,,,,,,
,,,,,,,,,,102,,,,,,,,,,,,,,,,,,
,,,,,,,,,,-1,,,,,,,,,,,,,,,,,,
,,,,,,,,,,102,,,,,,,,,,,,,,,,,,
,,,,,,,,,,114,,,,,,,,,,,,,,,,,,
,,,,,,,,,,167,,,,,,,,,,,,,,,,,,
,,,,,,,,,,22,,,,,,,,,,,,,,,,,,
,,,,,,,,,,46,,,,,,,,,,,,,,,,,,
,,,,,,,,,,24,,,,,,,,,,,,,,,,,,
,,,,,,,,,,103,,,,,,,,,,,,,,,,,,
,,,,,,,,,,34,,,,,,,,,,,,,,,,,,
,,,,,,,,,,18,,,,,,,,,,,,,,,,,,
,,,,,,,,,,38,,,,,,,,,,,,,,,,,,
,,,,,,,,,,145,,,,,,,,,,,,,,,,,,
,,,,,,,,,,18,,,,,,,,,,,,,,,,,,
,,,,,,,,,,0,,,,,,,,,,,,,,,,,,
,,,,,,,,,,-1,,,,,,,,,,,,,,,,,,
,,,,,,,,,,38,,,,,,,,,,,,,,,,,,
,,,,,,,,,,16,,,,,,,,,,,,,,,,,,
,,,,,,,,,,-1,,,,,,,,,,,,,,,,,,
,,,,,,,,,,1,,,,,,,,,,,,,,,,,,
,,,,,,,,,,23,,,,,,,,,,,,,,,,,,
,,,,,,,,,,12,,,,,,,,,,,,,,,,,,
,,,,,,,,,,257,,,,,,,,,,,,,,,,,,
,,,,,,,,,,2,,,,,,,,,,,,,,,,,,
,,,,,,,,,,-1,,,,,,,,,,,,,,,,,,
,,,,,,,,,,-1,,,,,,,,,,,,,,,,,,
,,,,,,,,,,4,,,,,,,,,,,,,,,,,,
,,,,,,,,,,21,,,,,,,,,,,,,,,,,,
,,,,,,,,,,6,,,,,,,,,,,,,,,,,,
,,,,,,,,,,0,,,,,,,,,,,,,,,,,,
,,,,,,,,,,-1,,,,,,,,,,,,,,,,,,
,,,,,,,,,,292,,,,,,,,,,,,,,,,,,
,,,,,,,,,,19,,,,,,,,,,,,,,,,,,
,,,,,,,,,,-1,,,,,,,,,,,,,,,,,,
,,,,,,,,,,54,,,,,,,,,,,,,,,,,,
,,,,,,,,,,50,,,,,,,,,,,,,,,,,,
,,,,,,,,,,10,,,,,,,,,,,,,,,,,,
,,,,,,,,,,-1,,,,,,,,,,,,,,,,,,
,,,,,,,,,,22,,,,,,,,,,,,,,,,,,
,,,,,,,,,,93,,,,,,,,,,,,,,,,,,
,,,,,,,,,,2,,,,,,,,,,,,,,,,,,
,,,,,,,,,,-1,,,,,,,,,,,,,,,,,,
,,,,,,,,,,-1,,,,,,,,,,,,,,,,,,
,,,,,,,,,,16,,,,,,,,,,,,,,,,,,
,,,,,,,,,,109,,,,,,,,,,,,,,,,,,
,,,,,,,,,,35,,,,,,,,,,,,,,,,,,
,,,,,,,,,,93,,,,,,,,,,,,,,,,,,
,,,,,,,,,,25,,,,,,,,,,,,,,,,,,
,,,,,,,,,,26,,,,,,,,,,,,,,,,,,
,,,,,,,,,,-1,,,,,,,,,,,,,,,,,,
,,,,,,,,,,291,,,,,,,,,,,,,,,,,,
,,,,,,,,,,38,,,,,,,,,,,,,,,,,,
,,,,,,,,,,17,,,,,,,,,,,,,,,,,,
,,,,,,,,,,41,,,,,,,,,,,,,,,,,,
,,,,,,,,,,-1,,,,,,,,,,,,,,,,,,
,,,,,,,,,,-1,,,,,,,,,,,,,,,,,,
,,,,,,,,,,-1,,,,,,,,,,,,,,,,,,
,,,,,,,,,,-1,,,,,,,,,,,,,,,,,,
,,,,,,,,,,52,,,,,,,,,,,,,,,,,,
,,,,,,,,,,-1,,,,,,,,,,,,,,,,,,
,,,,,,,,,,9,,,,,,,,,,,,,,,,,,
,,,,,,,,,,5,,,,,,,,,,,,,,,,,,
,,,,,,,,,,88,,,,,,,,,,,,,,,,,,
,,,,,,,,,,8,,,,,,,,,,,,,,,,,,
,,,,,,,,,,66,,,,,,,,,,,,,,,,,,
,,,,,,,,,,17,,,,,,,,,,,,,,,,,,
,,,,,,,,,,-1,,,,,,,,,,,,,,,,,,
,,,,,,,,,,63,,,,,,,,,,,,,,,,,,
,,,,,,,,,,124,,,,,,,,,,,,,,,,,,
,,,,,,,,,,17,,,,,,,,,,,,,,,,,,
,,,,,,,,,,-1,,,,,,,,,,,,,,,,,,
,,,,,,,,,,13,,,,,,,,,,,,,,,,,,
,,,,,,,,,,17,,,,,,,,,,,,,,,,,,
,,,,,,,,,,27,,,,,,,,,,,,,,,,,,
,,,,,,,,,,46,,,,,,,,,,,,,,,,,,
,,,,,,,,,,18,,,,,,,,,,,,,,,,,,
,,,,,,,,,,-1,,,,,,,,,,,,,,,,,,
,,,,,,,,,,8,,,,,,,,,,,,,,,,,,
,,,,,,,,,,21,,,,,,,,,,,,,,,,,,
,,,,,,,,,,-1,,,,,,,,,,,,,,,,,,
,,,,,,,,,,-1,,,,,,,,,,,,,,,,,,
,,,,,,,,,,38,,,,,,,,,,,,,,,,,,
,,,,,,,,,,-1,,,,,,,,,,,,,,,,,,
,,,,,,,,,,-1,,,,,,,,,,,,,,,,,,
,,,,,,,,,,0,,,,,,,,,,,,,,,,,,
,,,,,,,,,,0,,,,,,,,,,,,,,,,,,
,,,,,,,,,,0,,,,,,,,,,,,,,,,,,
,,,,,,,,,,3,,,,,,,,,,,,,,,,,,
,,,,,,,,,,22,,,,,,,,,,,,,,,,,,
,,,,,,,,,,13,,,,,,,,,,,,,,,,,,
,,,,,,,,,,0,,,,,,,,,,,,,,,,,,
,,,,,,,,,,0,,,,,,,,,,,,,,,,,,
,,,,,,,,,,44,,,,,,,,,,,,,,,,,,
,,,,,,,,,,6,,,,,,,,,,,,,,,,,,
,,,,,,,,,,-1,,,,,,,,,,,,,,,,,,
,,,,,,,,,,50,,,,,,,,,,,,,,,,,,
,,,,,,,,,,-1,,,,,,,,,,,,,,,,,,
,,,,,,,,,,1,,,,,,,,,,,,,,,,,,
,,,,,,,,,,15,,,,,,,,,,,,,,,,,,
,,,,,,,,,,-1,,,,,,,,,,,,,,,,,,
,,,,,,,,,,-1,,,,,,,,,,,,,,,,,,
,,,,,,,,,,-1,,,,,,,,,,,,,,,,,,
,,,,,,,,,,-1,,,,,,,,,,,,,,,,,,
,,,,,,,,,,184,,,,,,,,,,,,,,,,,,
,,,,,,,,,,60,,,,,,,,,,,,,,,,,,
,,,,,,,,,,-1,,,,,,,,,,,,,,,,,,
,,,,,,,,,,-1,,,,,,,,,,,,,,,,,,
,,,,,,,,,,-1,,,,,,,,,,,,,,,,,,
,,,,,,,,,,-1,,,,,,,,,,,,,,,,,,
,,,,,,,,,,150,,,,,,,,,,,,,,,,,,
,,,,,,,,,,54,,,,,,,,,,,,,,,,,,
,,,,,,,,,,10,,,,,,,,,,,,,,,,,,
,,,,,,,,,,115,,,,,,,,,,,,,,,,,,
,,,,,,,,,,60,,,,,,,,,,,,,,,,,,
,,,,,,,,,,137,,,,,,,,,,,,,,,,,,
,,,,,,,,,,78,,,,,,,,,,,,,,,,,,
,,,,,,,,,,82,,,,,,,,,,,,,,,,,,
,,,,,,,,,,21,,,,,,,,,,,,,,,,,,
,,,,,,,,,,48,,,,,,,,,,,,,,,,,,
,,,,,,,,,,25,,,,,,,,,,,,,,,,,,
,,,,,,,,,,123,,,,,,,,,,,,,,,,,,
,,,,,,,,,,-1,,,,,,,,,,,,,,,,,,
,,,,,,,,,,62,,,,,,,,,,,,,,,,,,
,,,,,,,,,,-1,,,,,,,,,,,,,,,,,,
,,,,,,,,,,31,,,,,,,,,,,,,,,,,,
,,,,,,,,,,14,,,,,,,,,,,,,,,,,,
,,,,,,,,,,-1,,,,,,,,,,,,,,,,,,
,,,,,,,,,,-1,,,,,,,,,,,,,,,,,,
,,,,,,,,,,-1,,,,,,,,,,,,,,,,,,
,,,,,,,,,,15,,,,,,,,,,,,,,,,,,
,,,,,,,,,,218,,,,,,,,,,,,,,,,,,
,,,,,,,,,,13,,,,,,,,,,,,,,,,,,
,,,,,,,,,,4,,,,,,,,,,,,,,,,,,
,,,,,,,,,,72,,,,,,,,,,,,,,,,,,
,,,,,,,,,,12,,,,,,,,,,,,,,,,,,
,,,,,,,,,,-1,,,,,,,,,,,,,,,,,,
,,,,,,,,,,-1,,,,,,,,,,,,,,,,,,
,,,,,,,,,,-1,,,,,,,,,,,,,,,,,,
,,,,,,,,,,274,,,,,,,,,,,,,,,,,,
,,,,,,,,,,-1,,,,,,,,,,,,,,,,,,
,,,,,,,,,,-1,,,,,,,,,,,,,,,,,,
,,,,,,,,,,96,,,,,,,,,,,,,,,,,,
,,,,,,,,,,60,,,,,,,,,,,,,,,,,,
,,,,,,,,,,0,,,,,,,,,,,,,,,,,,
,,,,,,,,,,-1,,,,,,,,,,,,,,,,,,
,,,,,,,,,,47,,,,,,,,,,,,,,,,,,
,,,,,,,,,,-1,,,,,,,,,,,,,,,,,,
,,,,,,,,,,9,,,,,,,,,,,,,,,,,,
,,,,,,,,,,-1,,,,,,,,,,,,,,,,,,
,,,,,,,,,,10,,,,,,,,,,,,,,,,,,
,,,,,,,,,,6,,,,,,,,,,,,,,,,,,
,,,,,,,,,,-1,,,,,,,,,,,,,,,,,,
,,,,,,,,,,62,,,,,,,,,,,,,,,,,,
,,,,,,,,,,11,,,,,,,,,,,,,,,,,,
,,,,,,,,,,333,,,,,,,,,,,,,,,,,,
,,,,,,,,,,31,,,,,,,,,,,,,,,,,,
,,,,,,,,,,20,,,,,,,,,,,,,,,,,,
,,,,,,,,,,-1,,,,,,,,,,,,,,,,,,
,,,,,,,,,,6,,,,,,,,,,,,,,,,,,
,,,,,,,,,,49,,,,,,,,,,,,,,,,,,
,,,,,,,,,,781,,,,,,,,,,,,,,,,,,
,,,,,,,,,,0,,,,,,,,,,,,,,,,,,
,,,,,,,,,,5,,,,,,,,,,,,,,,,,,
,,,,,,,,,,5,,,,,,,,,,,,,,,,,,
,,,,,,,,,,7,,,,,,,,,,,,,,,,,,
,,,,,,,,,,4,,,,,,,,,,,,,,,,,,
,,,,,,,,,,4,,,,,,,,,,,,,,,,,,
,,,,,,,,,,403,,,,,,,,,,,,,,,,,,
,,,,,,,,,,-1,,,,,,,,,,,,,,,,,,
,,,,,,,,,,-1,,,,,,,,,,,,,,,,,,
,,,,,,,,,,1,,,,,,,,,,,,,,,,,,
,,,,,,,,,,1,,,,,,,,,,,,,,,,,,
,,,,,,,,,,2,,,,,,,,,,,,,,,,,,
,,,,,,,,,,16,,,,,,,,,,,,,,,,,,
,,,,,,,,,,15,,,,,,,,,,,,,,,,,,
,,,,,,,,,,-1,,,,,,,,,,,,,,,,,,
,,,,,,,,,,-1,,,,,,,,,,,,,,,,,,
,,,,,,,,,,-1,,,,,,,,,,,,,,,,,,
,,,,,,,,,,27,,,,,,,,,,,,,,,,,,
,,,,,,,,,,39,,,,,,,,,,,,,,,,,,
,,,,,,,,,,16,,,,,,,,,,,,,,,,,,
,,,,,,,,,,-1,,,,,,,,,,,,,,,,,,
,,,,,,,,,,-1,,,,,,,,,,,,,,,,,,
,,,,,,,,,,12,,,,,,,,,,,,,,,,,,
,,,,,,,,,,7,,,,,,,,,,,,,,,,,,
,,,,,,,,,,10,,,,,,,,,,,,,,,,,,
,,,,,,,,,,10,,,,,,,,,,,,,,,,,,
,,,,,,,,,,-1,,,,,,,,,,,,,,,,,,
,,,,,,,,,,40,,,,,,,,,,,,,,,,,,
,,,,,,,,,,19,,,,,,,,,,,,,,,,,,
,,,,,,,,,,-1,,,,,,,,,,,,,,,,,,
,,,,,,,,,,48,,,,,,,,,,,,,,,,,,
,,,,,,,,,,43,,,,,,,,,,,,,,,,,,
,,,,,,,,,,21,,,,,,,,,,,,,,,,,,
,,,,,,,,,,9,,,,,,,,,,,,,,,,,,
,,,,,,,,,,87,,,,,,,,,,,,,,,,,,
,,,,,,,,,,-1,,,,,,,,,,,,,,,,,,
,,,,,,,,,,0,,,,,,,,,,,,,,,,,,
,,,,,,,,,,47,,,,,,,,,,,,,,,,,,
,,,,,,,,,,6,,,,,,,,,,,,,,,,,,
,,,,,,,,,,495,,,,,,,,,,,,,,,,,,
,,,,,,,,,,430,,,,,,,,,,,,,,,,,,
,,,,,,,,,,11,,,,,,,,,,,,,,,,,,
,,,,,,,,,,1,,,,,,,,,,,,,,,,,,
,,,,,,,,,,0,,,,,,,,,,,,,,,,,,
,,,,,,,,,,22,,,,,,,,,,,,,,,,,,
,,,,,,,,,,-1,,,,,,,,,,,,,,,,,,
,,,,,,,,,,14,,,,,,,,,,,,,,,,,,
,,,,,,,,,,2,,,,,,,,,,,,,,,,,,
,,,,,,,,,,0,,,,,,,,,,,,,,,,,,
,,,,,,,,,,0,,,,,,,,,,,,,,,,,,
,,,,,,,,,,21,,,,,,,,,,,,,,,,,,
,,,,,,,,,,32,,,,,,,,,,,,,,,,,,
,,,,,,,,,,1,,,,,,,,,,,,,,,,,,
,,,,,,,,,,27,,,,,,,,,,,,,,,,,,
,,,,,,,,,,11,,,,,,,,,,,,,,,,,,
,,,,,,,,,,11,,,,,,,,,,,,,,,,,,
,,,,,,,,,,15,,,,,,,,,,,,,,,,,,
,,,,,,,,,,0,,,,,,,,,,,,,,,,,,
,,,,,,,,,,2,,,,,,,,,,,,,,,,,,
,,,,,,,,,,809,,,,,,,,,,,,,,,,,,
,,,,,,,,,,-1,,,,,,,,,,,,,,,,,,
,,,,,,,,,,-1,,,,,,,,,,,,,,,,,,
,,,,,,,,,,1147,,,,,,,,,,,,,,,,,,
,,,,,,,,,,1,,,,,,,,,,,,,,,,,,
,,,,,,,,,,-1,,,,,,,,,,,,,,,,,,
,,,,,,,,,,0,,,,,,,,,,,,,,,,,,
,,,,,,,,,,-1,,,,,,,,,,,,,,,,,,
,,,,,,,,,,89,,,,,,,,,,,,,,,,,,
,,,,,,,,,,-1,,,,,,,,,,,,,,,,,,
,,,,,,,,,,13,,,,,,,,,,,,,,,,,,
,,,,,,,,,,220,,,,,,,,,,,,,,,,,,
,,,,,,,,,,52,,,,,,,,,,,,,,,,,,
,,,,,,,,,,42,,,,,,,,,,,,,,,,,,
,,,,,,,,,,60,,,,,,,,,,,,,,,,,,
,,,,,,,,,,317,,,,,,,,,,,,,,,,,,
,,,,,,,,,,72,,,,,,,,,,,,,,,,,,
,,,,,,,,,,-1,,,,,,,,,,,,,,,,,,
,,,,,,,,,,-1,,,,,,,,,,,,,,,,,,
,,,,,,,,,,-1,,,,,,,,,,,,,,,,,,
,,,,,,,,,,24,,,,,,,,,,,,,,,,,,
,,,,,,,,,,140,,,,,,,,,,,,,,,,,,
,,,,,,,,,,138,,,,,,,,,,,,,,,,,,
,,,,,,,,,,-1,,,,,,,,,,,,,,,,,,
,,,,,,,,,,-1,,,,,,,,,,,,,,,,,,
,,,,,,,,,,-1,,,,,,,,,,,,,,,,,,
,,,,,,,,,,0,,,,,,,,,,,,,,,,,,
,,,,,,,,,,,,,,,,,,,,,,,,,,,,
